dataset,slice,model_family,seed,n_test,accuracy,worst_subgroup_accuracy,worst_subgroup_attr,worst_subgroup_group,dpd_worst,eod_worst,worst_subgroup_error_gap,Q,S,R,demographic_representation_gap,harm_content_density,application
folktables,folktables_CA_2018,logreg,42,4000,0.793,0.7393225331369662,RAC1P,6.0,0.8747474747474747,0.5060240963855422,0.2606774668630339,0.8093912362668771,0.37502997691829965,0.24586666666666668,0.096,,ML
folktables,folktables_CA_2018,logreg,43,4000,0.783,0.7142857142857143,RAC1P,3.0,0.3727991899246883,0.7126436781609196,0.1857142857142857,0.8093912362668771,0.37502997691829965,0.24586666666666668,0.096,,ML
folktables,folktables_CA_2018,logreg,44,4000,0.777,0.6,RAC1P,5.0,0.8901345291479821,1.0,0.4,0.8093912362668771,0.37502997691829965,0.24586666666666668,0.096,,ML
folktables,folktables_CA_2018,logreg,45,4000,0.78125,0.7403314917127072,RAC1P,2.0,0.48660084626234135,0.49637681159420294,0.2596685082872928,0.8093912362668771,0.37502997691829965,0.24586666666666668,0.096,,ML
folktables,folktables_CA_2018,logreg,46,4000,0.77775,0.6428571428571429,RAC1P,5.0,0.3439446226064324,0.4030612244897959,0.29464285714285715,0.8093912362668771,0.37502997691829965,0.24586666666666668,0.096,,ML
folktables,folktables_CA_2018,mlp,42,4000,0.802,0.7746686303387335,RAC1P,6.0,0.9166666666666666,0.6144578313253012,0.22533136966126657,0.8093912362668771,0.37502997691829965,0.24586666666666668,0.096,,ML
folktables,folktables_CA_2018,mlp,43,4000,0.7955,0.7142857142857143,RAC1P,3.0,0.396588823492184,0.6206896551724138,0.1857142857142857,0.8093912362668771,0.37502997691829965,0.24586666666666668,0.096,,ML
folktables,folktables_CA_2018,mlp,44,4000,0.79975,0.6,RAC1P,5.0,0.8766816143497758,0.8,0.4,0.8093912362668771,0.37502997691829965,0.24586666666666668,0.096,,ML
folktables,folktables_CA_2018,mlp,45,4000,0.78725,0.712707182320442,RAC1P,2.0,0.3988674309548781,0.4873188405797101,0.162292817679558,0.8093912362668771,0.37502997691829965,0.24586666666666668,0.096,,ML
folktables,folktables_CA_2018,mlp,46,4000,0.78775,0.7142857142857143,RAC1P,5.0,0.3777537646402677,0.4025922869147659,0.2232142857142857,0.8093912362668771,0.37502997691829965,0.24586666666666668,0.096,,ML
folktables,folktables_CA_2018,xgboost,42,4000,0.829,0.7997054491899853,RAC1P,6.0,0.9166666666666666,0.85,0.20029455081001474,0.8093912362668771,0.37502997691829965,0.24586666666666668,0.096,,ML
folktables,folktables_CA_2018,xgboost,43,4000,0.8115,0.7142857142857143,RAC1P,3.0,0.4010315802797291,0.4977043158861341,0.13130252100840334,0.8093912362668771,0.37502997691829965,0.24586666666666668,0.096,,ML
folktables,folktables_CA_2018,xgboost,44,4000,0.815,0.6,RAC1P,5.0,0.8923766816143498,1.0,0.4,0.8093912362668771,0.37502997691829965,0.24586666666666668,0.096,,ML
folktables,folktables_CA_2018,xgboost,45,4000,0.804,0.7368421052631579,RAC1P,7.0,0.5303244005641748,0.5954106280193237,0.2631578947368421,0.8093912362668771,0.37502997691829965,0.24586666666666668,0.096,,ML
folktables,folktables_CA_2018,xgboost,46,4000,0.80775,0.7142857142857143,RAC1P,5.0,0.42613636363636365,0.5523897058823529,0.13234005258545134,0.8093912362668771,0.37502997691829965,0.24586666666666668,0.096,,ML
folktables,folktables_FL_2018,logreg,42,4000,0.76525,0.3333333333333333,RAC1P,7.0,0.3333333333333333,0.625,0.6666666666666666,0.8106306787620206,0.3750299790109987,0.2490466666666667,0.11190000000000003,,ML
folktables,folktables_FL_2018,logreg,43,4000,0.7735,0.7142857142857143,RAC1P,3.0,0.42857142857142855,1.0,0.2857142857142857,0.8106306787620206,0.3750299790109987,0.2490466666666667,0.11190000000000003,,ML
folktables,folktables_FL_2018,logreg,44,4000,0.779,0.625,RAC1P,3.0,0.2926905132192846,0.5844044558697515,0.375,0.8106306787620206,0.3750299790109987,0.2490466666666667,0.11190000000000003,,ML
folktables,folktables_FL_2018,logreg,45,4000,0.76925,0.7550220480156786,SEX,1.0,0.302128991859737,0.24852389122375612,0.2449779519843214,0.8106306787620206,0.3750299790109987,0.2490466666666667,0.11190000000000003,,ML
folktables,folktables_FL_2018,logreg,46,4000,0.771,0.7282608695652174,RAC1P,9.0,0.29684601113172543,0.40664961636828645,0.2717391304347826,0.8106306787620206,0.3750299790109987,0.2490466666666667,0.11190000000000003,,ML
folktables,folktables_FL_2018,mlp,42,4000,0.776,0.3333333333333333,RAC1P,7.0,0.3333333333333333,0.65,0.6666666666666666,0.8106306787620206,0.3750299790109987,0.2490466666666667,0.11190000000000003,,ML
folktables,folktables_FL_2018,mlp,43,4000,0.78425,0.75,RAC1P,7.0,0.330188679245283,1.0,0.25,0.8106306787620206,0.3750299790109987,0.2490466666666667,0.11190000000000003,,ML
folktables,folktables_FL_2018,mlp,44,4000,0.7915,0.7352941176470589,RAC1P,6.0,0.29766718506998446,0.609254498714653,0.2647058823529412,0.8106306787620206,0.3750299790109987,0.2490466666666667,0.11190000000000003,,ML
folktables,folktables_FL_2018,mlp,45,4000,0.774,0.7614276768941766,RAC1P,1.0,0.288,0.2691800642335221,0.2385723231058234,0.8106306787620206,0.3750299790109987,0.2490466666666667,0.11190000000000003,,ML
folktables,folktables_FL_2018,mlp,46,4000,0.777,0.7391304347826086,RAC1P,9.0,0.3722943722943723,0.2310315430520034,0.2608695652173913,0.8106306787620206,0.3750299790109987,0.2490466666666667,0.11190000000000003,,ML
folktables,folktables_FL_2018,xgboost,42,4000,0.79725,0.6666666666666666,RAC1P,3.0,0.3394495412844037,0.75,0.3333333333333333,0.8106306787620206,0.3750299790109987,0.2490466666666667,0.11190000000000003,,ML
folktables,folktables_FL_2018,xgboost,43,4000,0.80075,0.7142857142857143,RAC1P,3.0,0.42857142857142855,1.0,0.2857142857142857,0.8106306787620206,0.3750299790109987,0.2490466666666667,0.11190000000000003,,ML
folktables,folktables_FL_2018,xgboost,44,4000,0.80425,0.75,RAC1P,3.0,0.38235294117647056,0.7906976744186046,0.25,0.8106306787620206,0.3750299790109987,0.2490466666666667,0.11190000000000003,,ML
folktables,folktables_FL_2018,xgboost,45,4000,0.795,0.7716805487506124,SEX,1.0,0.384,0.42502218278615794,0.22831945124938754,0.8106306787620206,0.3750299790109987,0.2490466666666667,0.11190000000000003,,ML
folktables,folktables_FL_2018,xgboost,46,4000,0.7895,0.75,RAC1P,3.0,0.33178726035868894,0.2412617220801364,0.25,0.8106306787620206,0.3750299790109987,0.2490466666666667,0.11190000000000003,,ML
folktables,folktables_GA_2018,logreg,42,4000,0.79125,0.6666666666666666,RAC1P,7.0,0.436046511627907,0.759493670886076,0.25,0.8104572363591641,0.3750299809660251,0.24766166666666667,0.104975,,ML
folktables,folktables_GA_2018,logreg,43,4000,0.79,0.75,RAC1P,3.0,0.39893617021276595,1.0,0.25,0.8104572363591641,0.3750299809660251,0.24766166666666667,0.104975,,ML
folktables,folktables_GA_2018,logreg,44,4000,0.7925,0.7763546798029557,SEX,1.0,0.29423076923076924,0.8,0.22364532019704433,0.8104572363591641,0.3750299809660251,0.24766166666666667,0.104975,,ML
folktables,folktables_GA_2018,logreg,45,4000,0.786,0.7771129394166043,RAC1P,1.0,0.42777777777777776,0.6428571428571428,0.22288706058339566,0.8104572363591641,0.3750299809660251,0.24766166666666667,0.104975,,ML
folktables,folktables_GA_2018,logreg,46,4000,0.789,0.77728285077951,RAC1P,1.0,0.4506172839506173,0.7058823529411764,0.22271714922049,0.8104572363591641,0.3750299809660251,0.24766166666666667,0.104975,,ML
folktables,folktables_GA_2018,mlp,42,4000,0.80075,0.6666666666666666,RAC1P,7.0,0.3255813953488372,0.5454545454545454,0.3333333333333333,0.8104572363591641,0.3750299809660251,0.24766166666666667,0.104975,,ML
folktables,folktables_GA_2018,mlp,43,4000,0.79675,0.75,RAC1P,3.0,0.4148936170212766,1.0,0.25,0.8104572363591641,0.3750299809660251,0.24766166666666667,0.104975,,ML
folktables,folktables_GA_2018,mlp,44,4000,0.80925,0.7808219178082192,RAC1P,9.0,0.31773954864964854,0.8,0.2191780821917808,0.8104572363591641,0.3750299809660251,0.24766166666666667,0.104975,,ML
folktables,folktables_GA_2018,mlp,45,4000,0.79425,0.7777777777777778,RAC1P,3.0,0.43333333333333335,0.7857142857142857,0.2222222222222222,0.8104572363591641,0.3750299809660251,0.24766166666666667,0.104975,,ML
folktables,folktables_GA_2018,mlp,46,4000,0.79525,0.7817371937639198,RAC1P,1.0,0.41573867854491464,0.7058823529411764,0.2182628062360802,0.8104572363591641,0.3750299809660251,0.24766166666666667,0.104975,,ML
folktables,folktables_GA_2018,xgboost,42,4000,0.819,0.6666666666666666,RAC1P,7.0,0.4883720930232558,0.8860759493670886,0.2573839662447257,0.8104572363591641,0.3750299809660251,0.24766166666666667,0.104975,,ML
folktables,folktables_GA_2018,xgboost,43,4000,0.817,0.75,RAC1P,3.0,0.40425531914893614,1.0,0.25,0.8104572363591641,0.3750299809660251,0.24766166666666667,0.104975,,ML
folktables,folktables_GA_2018,xgboost,44,4000,0.81675,0.7846153846153846,RAC1P,6.0,0.34262820512820513,0.7,0.2153846153846154,0.8104572363591641,0.3750299809660251,0.24766166666666667,0.104975,,ML
folktables,folktables_GA_2018,xgboost,45,4000,0.8065,0.7777777777777778,RAC1P,3.0,0.45555555555555555,0.7857142857142857,0.2222222222222222,0.8104572363591641,0.3750299809660251,0.24766166666666667,0.104975,,ML
folktables,folktables_GA_2018,xgboost,46,4000,0.81275,0.8032665181885672,RAC1P,1.0,0.4382716049382716,0.7058823529411764,0.19673348181143283,0.8104572363591641,0.3750299809660251,0.24766166666666667,0.104975,,ML
folktables,folktables_HI_2018,logreg,42,1547,0.7524240465416936,0.0,RAC1P,4.0,0.47453703703703703,0.7058823529411764,1.0,0.7847606012533483,0.3750299821117837,0.28410182382615445,0.28717578579743885,,ML
folktables,folktables_HI_2018,logreg,43,1547,0.7459599224305107,0.0,RAC1P,4.0,0.4898989898989899,0.7142857142857143,1.0,0.7847606012533483,0.3750299821117837,0.28410182382615445,0.28717578579743885,,ML
folktables,folktables_HI_2018,logreg,44,1547,0.7666451195862961,0.7491039426523297,RAC1P,6.0,0.4835680751173709,0.5,0.25089605734767023,0.7847606012533483,0.3750299821117837,0.28410182382615445,0.28717578579743885,,ML
folktables,folktables_HI_2018,logreg,45,1547,0.7517776341305753,0.64,RAC1P,8.0,0.39999999999999997,0.75,0.1875862068965517,0.7847606012533483,0.3750299821117837,0.28410182382615445,0.28717578579743885,,ML
folktables,folktables_HI_2018,logreg,46,1547,0.735617323852618,0.7155025553662692,RAC1P,6.0,0.4472361809045226,0.37934782608695655,0.28449744463373083,0.7847606012533483,0.3750299821117837,0.28410182382615445,0.28717578579743885,,ML
folktables,folktables_HI_2018,mlp,42,1547,0.7659987071751778,0.0,RAC1P,4.0,0.4791666666666667,0.8,0.9411764705882353,0.7847606012533483,0.3750299821117837,0.28410182382615445,0.28717578579743885,,ML
folktables,folktables_HI_2018,mlp,43,1547,0.7575953458306399,0.0,RAC1P,4.0,0.5126262626262627,0.5714285714285714,1.0,0.7847606012533483,0.3750299821117837,0.28410182382615445,0.28717578579743885,,ML
folktables,folktables_HI_2018,mlp,44,1547,0.768584356819651,0.75,RAC1P,3.0,0.48826291079812206,0.7777777777777778,0.25,0.7847606012533483,0.3750299821117837,0.28410182382615445,0.28717578579743885,,ML
folktables,folktables_HI_2018,mlp,45,1547,0.7608274078862314,0.72,RAC1P,8.0,0.26046511627906976,0.625,0.28,0.7847606012533483,0.3750299821117837,0.28410182382615445,0.28717578579743885,,ML
folktables,folktables_HI_2018,mlp,46,1547,0.7517776341305753,0.737649063032368,RAC1P,6.0,0.49246231155778897,0.37777777777777777,0.262350936967632,0.7847606012533483,0.3750299821117837,0.28410182382615445,0.28717578579743885,,ML
folktables,folktables_HI_2018,xgboost,42,1547,0.7724628312863607,0.0,RAC1P,4.0,0.45601851851851855,0.5882352941176471,1.0,0.7847606012533483,0.3750299821117837,0.28410182382615445,0.28717578579743885,,ML
folktables,folktables_HI_2018,xgboost,43,1547,0.7763413057530705,0.0,RAC1P,4.0,0.5025252525252525,0.5714285714285714,1.0,0.7847606012533483,0.3750299821117837,0.28410182382615445,0.28717578579743885,,ML
folktables,folktables_HI_2018,xgboost,44,1547,0.7899159663865546,0.7652582159624414,RAC1P,1.0,0.5258215962441315,0.6666666666666667,0.2347417840375587,0.7847606012533483,0.3750299821117837,0.28410182382615445,0.28717578579743885,,ML
folktables,folktables_HI_2018,xgboost,45,1547,0.7996121525533291,0.76,RAC1P,8.0,0.2511067525917624,0.4375,0.24,0.7847606012533483,0.3750299821117837,0.28410182382615445,0.28717578579743885,,ML
folktables,folktables_HI_2018,xgboost,46,1547,0.7672915319974144,0.7562814070351759,RAC1P,1.0,0.4547738693467337,0.47222222222222215,0.24371859296482412,0.7847606012533483,0.3750299821117837,0.28410182382615445,0.28717578579743885,,ML
folktables,folktables_NY_2018,logreg,42,4000,0.75725,0.7021276595744681,RAC1P,2.0,0.4358974358974359,0.3416216216216216,0.2978723404255319,0.811329367927313,0.3750299782648295,0.2644088888888889,0.0776,,ML
folktables,folktables_NY_2018,logreg,43,4000,0.76875,0.5,RAC1P,5.0,0.4426170897390061,0.7332808811959087,0.31025641025641026,0.811329367927313,0.3750299782648295,0.2644088888888889,0.0776,,ML
folktables,folktables_NY_2018,logreg,44,4000,0.77,0.4,RAC1P,5.0,0.31927975406236275,0.46666666666666673,0.41818181818181815,0.811329367927313,0.3750299782648295,0.2644088888888889,0.0776,,ML
folktables,folktables_NY_2018,logreg,45,4000,0.774,0.0,RAC1P,7.0,0.4399859204505456,0.29777070063694266,0.9090909090909091,0.811329367927313,0.3750299782648295,0.2644088888888889,0.0776,,ML
folktables,folktables_NY_2018,logreg,46,4000,0.76725,0.5,RAC1P,7.0,0.44530154277699857,0.7368833202819107,0.3292682926829268,0.811329367927313,0.3750299782648295,0.2644088888888889,0.0776,,ML
folktables,folktables_NY_2018,mlp,42,4000,0.7735,0.7142857142857143,RAC1P,3.0,0.4351851851851852,0.26,0.2857142857142857,0.811329367927313,0.3750299782648295,0.2644088888888889,0.0776,,ML
folktables,folktables_NY_2018,mlp,43,4000,0.782,0.5,RAC1P,5.0,0.43475151948516266,0.7380015735641228,0.3358974358974359,0.811329367927313,0.3750299782648295,0.2644088888888889,0.0776,,ML
folktables,folktables_NY_2018,mlp,44,4000,0.77825,0.4,RAC1P,5.0,0.43916282369634624,0.7398568019093079,0.41818181818181815,0.811329367927313,0.3750299782648295,0.2644088888888889,0.0776,,ML
folktables,folktables_NY_2018,mlp,45,4000,0.78425,0.0,RAC1P,7.0,0.4508975712777191,0.2678571428571429,1.0,0.811329367927313,0.3750299782648295,0.2644088888888889,0.0776,,ML
folktables,folktables_NY_2018,mlp,46,4000,0.782,0.6593406593406593,RAC1P,9.0,0.5,1.0,0.34065934065934067,0.811329367927313,0.3750299782648295,0.2644088888888889,0.0776,,ML
folktables,folktables_NY_2018,xgboost,42,4000,0.79825,0.7545454545454545,RAC1P,9.0,0.45085470085470086,0.4864864864864865,0.24545454545454545,0.811329367927313,0.3750299782648295,0.2644088888888889,0.0776,,ML
folktables,folktables_NY_2018,xgboost,43,4000,0.79825,0.5,RAC1P,5.0,0.4551304969610297,0.7781274586939417,0.3666666666666667,0.811329367927313,0.3750299782648295,0.2644088888888889,0.0776,,ML
folktables,folktables_NY_2018,xgboost,44,4000,0.79675,0.6,RAC1P,5.0,0.3235429701490747,0.6666666666666667,0.4,0.811329367927313,0.3750299782648295,0.2644088888888889,0.0776,,ML
folktables,folktables_NY_2018,xgboost,45,4000,0.80275,0.0,RAC1P,7.0,0.4508975712777191,0.48571428571428577,1.0,0.811329367927313,0.3750299782648295,0.2644088888888889,0.0776,,ML
folktables,folktables_NY_2018,xgboost,46,4000,0.8025,0.7582417582417582,RAC1P,9.0,0.36341463414634145,0.5434782608695652,0.24175824175824176,0.811329367927313,0.3750299782648295,0.2644088888888889,0.0776,,ML
folktables,folktables_OH_2018,logreg,42,4000,0.781,0.7576050217286335,SEX,1.0,0.5,0.38461538461538464,0.2423949782713665,0.8099940689552461,0.3750299803268837,0.25590666666666667,0.1462,,ML
folktables,folktables_OH_2018,logreg,43,4000,0.77675,0.6666666666666666,RAC1P,3.0,0.3956043956043956,0.7368421052631579,0.3333333333333333,0.8099940689552461,0.3750299803268837,0.25590666666666667,0.1462,,ML
folktables,folktables_OH_2018,logreg,44,4000,0.78375,0.5,RAC1P,7.0,0.3855421686746988,0.7647058823529411,0.5,0.8099940689552461,0.3750299803268837,0.25590666666666667,0.1462,,ML
folktables,folktables_OH_2018,logreg,45,4000,0.7835,0.6666666666666666,RAC1P,7.0,0.43023255813953487,1.0,0.3333333333333333,0.8099940689552461,0.3750299803268837,0.25590666666666667,0.1462,,ML
folktables,folktables_OH_2018,logreg,46,4000,0.7925,0.0,RAC1P,7.0,0.4155844155844156,0.75,1.0,0.8099940689552461,0.3750299803268837,0.25590666666666667,0.1462,,ML
folktables,folktables_OH_2018,mlp,42,4000,0.799,0.7711250603573153,SEX,1.0,0.4024390243902439,0.4722222222222222,0.22887493964268468,0.8099940689552461,0.3750299803268837,0.25590666666666667,0.1462,,ML
folktables,folktables_OH_2018,mlp,43,4000,0.78625,0.6521739130434783,RAC1P,8.0,0.43956043956043955,0.8421052631578947,0.34782608695652173,0.8099940689552461,0.3750299803268837,0.25590666666666667,0.1462,,ML
folktables,folktables_OH_2018,mlp,44,4000,0.7955,0.5,RAC1P,7.0,0.3493975903614458,0.6764705882352942,0.5,0.8099940689552461,0.3750299803268837,0.25590666666666667,0.1462,,ML
folktables,folktables_OH_2018,mlp,45,4000,0.7925,0.6666666666666666,RAC1P,7.0,0.3372093023255814,0.6756756756756757,0.3333333333333333,0.8099940689552461,0.3750299803268837,0.25590666666666667,0.1462,,ML
folktables,folktables_OH_2018,mlp,46,4000,0.799,0.0,RAC1P,7.0,0.37662337662337664,0.7142857142857143,1.0,0.8099940689552461,0.3750299803268837,0.25590666666666667,0.1462,,ML
folktables,folktables_OH_2018,xgboost,42,4000,0.80825,0.7880251086431675,SEX,1.0,0.4878048780487805,0.6111111111111112,0.21197489135683245,0.8099940689552461,0.3750299803268837,0.25590666666666667,0.1462,,ML
folktables,folktables_OH_2018,xgboost,43,4000,0.79875,0.0,RAC1P,7.0,1.0,0.8421052631578947,1.0,0.8099940689552461,0.3750299803268837,0.25590666666666667,0.1462,,ML
folktables,folktables_OH_2018,xgboost,44,4000,0.8085,0.0,RAC1P,7.0,0.5,0.9428571428571428,1.0,0.8099940689552461,0.3750299803268837,0.25590666666666667,0.1462,,ML
folktables,folktables_OH_2018,xgboost,45,4000,0.8045,0.3333333333333333,RAC1P,7.0,0.43023255813953487,0.8378378378378378,0.6666666666666666,0.8099940689552461,0.3750299803268837,0.25590666666666667,0.1462,,ML
folktables,folktables_OH_2018,xgboost,46,4000,0.81325,0.0,RAC1P,7.0,0.4155844155844156,0.7142857142857143,1.0,0.8099940689552461,0.3750299803268837,0.25590666666666667,0.1462,,ML
folktables,folktables_PA_2018,logreg,42,4000,0.77975,0.0,RAC1P,7.0,0.3333333333333333,0.4666666666666666,1.0,0.8102098504259833,0.37502997965416124,0.2798938888888889,0.155025,,ML
folktables,folktables_PA_2018,logreg,43,4000,0.76625,0.7424830261881669,SEX,1.0,0.30432372505543237,0.25,0.2575169738118332,0.8102098504259833,0.37502997965416124,0.2798938888888889,0.155025,,ML
folktables,folktables_PA_2018,logreg,44,4000,0.781,0.0,RAC1P,7.0,0.33,0.8275862068965517,0.8604651162790697,0.8102098504259833,0.37502997965416124,0.2798938888888889,0.155025,,ML
folktables,folktables_PA_2018,logreg,45,4000,0.764,0.3333333333333333,RAC1P,3.0,1.0,0.60790273556231,0.6666666666666666,0.8102098504259833,0.37502997965416124,0.2798938888888889,0.155025,,ML
folktables,folktables_PA_2018,logreg,46,4000,0.772,0.7446601941747573,SEX,1.0,1.0,0.25,0.25533980582524274,0.8102098504259833,0.37502997965416124,0.2798938888888889,0.155025,,ML
folktables,folktables_PA_2018,mlp,42,4000,0.79375,0.0,RAC1P,7.0,0.3238095238095238,0.6435897435897436,1.0,0.8102098504259833,0.37502997965416124,0.2798938888888889,0.155025,,ML
folktables,folktables_PA_2018,mlp,43,4000,0.784,0.7628516003879728,SEX,1.0,0.35033259423503327,0.1772190528387435,0.23714839961202716,0.8102098504259833,0.37502997965416124,0.2798938888888889,0.155025,,ML
folktables,folktables_PA_2018,mlp,44,4000,0.7795,0.7472100921882582,SEX,1.0,1.0,0.8620689655172413,0.2527899078117419,0.8102098504259833,0.37502997965416124,0.2798938888888889,0.155025,,ML
folktables,folktables_PA_2018,mlp,45,4000,0.781,0.3333333333333333,RAC1P,3.0,1.0,0.65,0.6666666666666666,0.8102098504259833,0.37502997965416124,0.2798938888888889,0.155025,,ML
folktables,folktables_PA_2018,mlp,46,4000,0.7855,0.75,RAC1P,3.0,1.0,0.2777777777777778,0.25,0.8102098504259833,0.37502997965416124,0.2798938888888889,0.155025,,ML
folktables,folktables_PA_2018,xgboost,42,4000,0.81125,0.6666666666666666,RAC1P,3.0,1.0,0.5692307692307692,0.3333333333333333,0.8102098504259833,0.37502997965416124,0.2798938888888889,0.155025,,ML
folktables,folktables_PA_2018,xgboost,43,4000,0.799,0.7696411251212415,SEX,1.0,0.34831460674157305,0.2664835164835164,0.23035887487875847,0.8102098504259833,0.37502997965416124,0.2798938888888889,0.155025,,ML
folktables,folktables_PA_2018,xgboost,44,4000,0.80225,0.7690441533236293,SEX,1.0,1.0,0.896551724137931,0.2309558466763707,0.8102098504259833,0.37502997965416124,0.2798938888888889,0.155025,,ML
folktables,folktables_PA_2018,xgboost,45,4000,0.79475,0.3333333333333333,RAC1P,3.0,1.0,0.6960486322188449,0.6666666666666666,0.8102098504259833,0.37502997965416124,0.2798938888888889,0.155025,,ML
folktables,folktables_PA_2018,xgboost,46,4000,0.80325,0.75,RAC1P,3.0,1.0,0.37777777777777777,0.25,0.8102098504259833,0.37502997965416124,0.2798938888888889,0.155025,,ML
folktables,folktables_TX_2018,logreg,42,4000,0.786,0.6666666666666666,RAC1P,7.0,0.3891891891891892,0.7108433734939759,0.20446735395189003,0.8071170229751287,0.3750299775996317,0.24859666666666666,0.10965000000000003,,ML
folktables,folktables_TX_2018,logreg,43,4000,0.78375,0.6,RAC1P,7.0,0.45098039215686275,1.0,0.4,0.8071170229751287,0.3750299775996317,0.24859666666666666,0.10965000000000003,,ML
folktables,folktables_TX_2018,logreg,44,4000,0.78275,0.6666666666666666,RAC1P,5.0,0.3865979381443299,0.6666666666666666,0.3333333333333333,0.8071170229751287,0.3750299775996317,0.24859666666666666,0.10965000000000003,,ML
folktables,folktables_TX_2018,logreg,45,4000,0.78975,0.0,RAC1P,7.0,0.9148936170212766,0.489451476793249,0.8736842105263158,0.8071170229751287,0.3750299775996317,0.24859666666666666,0.10965000000000003,,ML
folktables,folktables_TX_2018,logreg,46,4000,0.7825,0.7244897959183674,RAC1P,6.0,0.4030612244897959,1.0,0.2755102040816326,0.8071170229751287,0.3750299775996317,0.24859666666666666,0.10965000000000003,,ML
folktables,folktables_TX_2018,mlp,42,4000,0.79375,0.7789770061004223,SEX,1.0,0.3715798272499304,0.65625,0.22102299389957766,0.8071170229751287,0.3750299775996317,0.24859666666666666,0.10965000000000003,,ML
folktables,folktables_TX_2018,mlp,43,4000,0.78775,0.6,RAC1P,7.0,0.5294117647058824,1.0,0.4,0.8071170229751287,0.3750299775996317,0.24859666666666666,0.10965000000000003,,ML
folktables,folktables_TX_2018,mlp,44,4000,0.79425,0.6666666666666666,RAC1P,5.0,0.4175257731958763,0.7551020408163265,0.3333333333333333,0.8071170229751287,0.3750299775996317,0.24859666666666666,0.10965000000000003,,ML
folktables,folktables_TX_2018,mlp,45,4000,0.80025,0.0,RAC1P,7.0,0.9202127659574468,0.6666666666666667,0.875,0.8071170229751287,0.3750299775996317,0.24859666666666666,0.10965000000000003,,ML
folktables,folktables_TX_2018,mlp,46,4000,0.788,0.75,RAC1P,5.0,0.45408163265306123,1.0,0.25,0.8071170229751287,0.3750299775996317,0.24859666666666666,0.10965000000000003,,ML
folktables,folktables_TX_2018,xgboost,42,4000,0.81325,0.7925856405443453,SEX,1.0,0.3926999164112567,0.625,0.20741435945565462,0.8071170229751287,0.3750299775996317,0.24859666666666666,0.10965000000000003,,ML
folktables,folktables_TX_2018,xgboost,43,4000,0.808,0.796875,RAC1P,9.0,0.5441176470588235,0.5405405405405406,0.203125,0.8071170229751287,0.3750299775996317,0.24859666666666666,0.10965000000000003,,ML
folktables,folktables_TX_2018,xgboost,44,4000,0.811,0.6666666666666666,RAC1P,5.0,0.4587628865979381,0.8367346938775511,0.3333333333333333,0.8071170229751287,0.3750299775996317,0.24859666666666666,0.10965000000000003,,ML
folktables,folktables_TX_2018,xgboost,45,4000,0.81725,0.0,RAC1P,7.0,0.9042553191489362,0.5274261603375527,0.8631578947368421,0.8071170229751287,0.3750299775996317,0.24859666666666666,0.10965000000000003,,ML
folktables,folktables_TX_2018,xgboost,46,4000,0.80375,0.75,RAC1P,3.0,0.45918367346938777,1.0,0.25,0.8071170229751287,0.3750299775996317,0.24859666666666666,0.10965000000000003,,ML
folktables,folktables_VT_2018,logreg,42,754,0.7559681697612732,0.6666666666666666,RAC1P,6.0,0.3333333333333333,0.75,0.3333333333333333,0.7802670099719327,0.3750299819217986,0.264525307494912,0.18929320414122647,,ML
folktables,folktables_VT_2018,logreg,43,754,0.7347480106100795,0.6363636363636364,RAC1P,6.0,0.5,1.0,0.36363636363636365,0.7802670099719327,0.3750299819217986,0.264525307494912,0.18929320414122647,,ML
folktables,folktables_VT_2018,logreg,44,754,0.7692307692307693,0.5,RAC1P,8.0,0.3333333333333333,1.0,0.5,0.7802670099719327,0.3750299819217986,0.264525307494912,0.18929320414122647,,ML
folktables,folktables_VT_2018,logreg,45,754,0.7427055702917772,0.0,RAC1P,8.0,0.5,1.0,1.0,0.7802670099719327,0.3750299819217986,0.264525307494912,0.18929320414122647,,ML
folktables,folktables_VT_2018,logreg,46,754,0.7718832891246684,0.6,RAC1P,6.0,1.0,0.6666666666666666,0.4,0.7802670099719327,0.3750299819217986,0.264525307494912,0.18929320414122647,,ML
folktables,folktables_VT_2018,mlp,42,754,0.7559681697612732,0.7513812154696132,RAC1P,1.0,0.6666666666666666,1.0,0.24861878453038674,0.7802670099719327,0.3750299819217986,0.264525307494912,0.18929320414122647,,ML
folktables,folktables_VT_2018,mlp,43,754,0.7387267904509284,0.6363636363636364,RAC1P,6.0,0.5,1.0,0.36363636363636365,0.7802670099719327,0.3750299819217986,0.264525307494912,0.18929320414122647,,ML
folktables,folktables_VT_2018,mlp,44,754,0.7612732095490716,0.0,RAC1P,3.0,1.0,1.0,1.0,0.7802670099719327,0.3750299819217986,0.264525307494912,0.18929320414122647,,ML
folktables,folktables_VT_2018,mlp,45,754,0.753315649867374,0.0,RAC1P,8.0,1.0,1.0,1.0,0.7802670099719327,0.3750299819217986,0.264525307494912,0.18929320414122647,,ML
folktables,folktables_VT_2018,mlp,46,754,0.7745358090185677,0.7525252525252525,SEX,1.0,1.0,0.16666666666666666,0.2474747474747475,0.7802670099719327,0.3750299819217986,0.264525307494912,0.18929320414122647,,ML
folktables,folktables_VT_2018,xgboost,42,754,0.773209549071618,0.5,RAC1P,5.0,0.6666666666666666,1.0,0.5,0.7802670099719327,0.3750299819217986,0.264525307494912,0.18929320414122647,,ML
folktables,folktables_VT_2018,xgboost,43,754,0.7705570291777188,0.5,RAC1P,3.0,0.45454545454545453,1.0,0.5,0.7802670099719327,0.3750299819217986,0.264525307494912,0.18929320414122647,,ML
folktables,folktables_VT_2018,xgboost,44,754,0.7824933687002652,0.5,RAC1P,8.0,0.6,1.0,0.5,0.7802670099719327,0.3750299819217986,0.264525307494912,0.18929320414122647,,ML
folktables,folktables_VT_2018,xgboost,45,754,0.773209549071618,0.0,RAC1P,3.0,1.0,1.0,1.0,0.7802670099719327,0.3750299819217986,0.264525307494912,0.18929320414122647,,ML
folktables,folktables_VT_2018,xgboost,46,754,0.7944297082228117,0.0,RAC1P,3.0,0.3333333333333333,0.6666666666666666,1.0,0.7802670099719327,0.3750299819217986,0.264525307494912,0.18929320414122647,,ML
folktables,folktables_WV_2018,logreg,42,1621,0.7853177051202961,0.6842105263157895,RAC1P,6.0,1.0,0.7272727272727273,0.3157894736842105,0.7859485709744759,0.37502998161296547,0.26456886338393193,0.18951098358632606,,ML
folktables,folktables_WV_2018,logreg,43,1621,0.7692782233189389,0.6666666666666666,RAC1P,8.0,0.6666666666666666,0.75,0.3333333333333333,0.7859485709744759,0.37502998161296547,0.26456886338393193,0.18951098358632606,,ML
folktables,folktables_WV_2018,logreg,44,1621,0.7822331893892659,0.6666666666666666,RAC1P,3.0,0.38461538461538464,0.5480349344978166,0.3333333333333333,0.7859485709744759,0.37502998161296547,0.26456886338393193,0.18951098358632606,,ML
folktables,folktables_WV_2018,logreg,45,1621,0.7871684145589143,0.0,RAC1P,5.0,1.0,0.34451026020731956,1.0,0.7859485709744759,0.37502998161296547,0.26456886338393193,0.18951098358632606,,ML
folktables,folktables_WV_2018,logreg,46,1621,0.7711289327575571,0.7289088863892014,SEX,1.0,0.3333333333333333,0.3675359032501889,0.27109111361079863,0.7859485709744759,0.37502998161296547,0.26456886338393193,0.18951098358632606,,ML
folktables,folktables_WV_2018,mlp,42,1621,0.783466995681678,0.6842105263157895,RAC1P,6.0,1.0,0.5454545454545454,0.3157894736842105,0.7859485709744759,0.37502998161296547,0.26456886338393193,0.18951098358632606,,ML
folktables,folktables_WV_2018,mlp,43,1621,0.7668106107341147,0.6666666666666666,RAC1P,8.0,0.6666666666666666,0.6666666666666667,0.3333333333333333,0.7859485709744759,0.37502998161296547,0.26456886338393193,0.18951098358632606,,ML
folktables,folktables_WV_2018,mlp,44,1621,0.784083898827884,0.6666666666666666,RAC1P,3.0,0.38461538461538464,0.5,0.3333333333333333,0.7859485709744759,0.37502998161296547,0.26456886338393193,0.18951098358632606,,ML
folktables,folktables_WV_2018,mlp,45,1621,0.7884022208513264,0.0,RAC1P,5.0,0.875,0.4571428571428571,0.8666666666666667,0.7859485709744759,0.37502998161296547,0.26456886338393193,0.18951098358632606,,ML
folktables,folktables_WV_2018,mlp,46,1621,0.7822331893892659,0.7367829021372329,SEX,1.0,0.4444444444444444,0.3022222222222223,0.26321709786276715,0.7859485709744759,0.37502998161296547,0.26456886338393193,0.18951098358632606,,ML
folktables,folktables_WV_2018,xgboost,42,1621,0.8019740900678594,0.7566938300349243,SEX,1.0,1.0,0.5454545454545454,0.24330616996507567,0.7859485709744759,0.37502998161296547,0.26456886338393193,0.18951098358632606,,ML
folktables,folktables_WV_2018,xgboost,43,1621,0.7847008019740901,0.6666666666666666,RAC1P,8.0,0.6666666666666666,0.6666666666666667,0.3333333333333333,0.7859485709744759,0.37502998161296547,0.26456886338393193,0.18951098358632606,,ML
folktables,folktables_WV_2018,xgboost,44,1621,0.8019740900678594,0.764018691588785,SEX,1.0,0.3076923076923077,0.5,0.23598130841121495,0.7859485709744759,0.37502998161296547,0.26456886338393193,0.18951098358632606,,ML
folktables,folktables_WV_2018,xgboost,45,1621,0.8050586057988895,0.0,RAC1P,5.0,1.0,0.2895069532237674,1.0,0.7859485709744759,0.37502998161296547,0.26456886338393193,0.18951098358632606,,ML
folktables,folktables_WV_2018,xgboost,46,1621,0.8001233806292412,0.7570303712035995,SEX,1.0,0.5555555555555556,0.4603174603174603,0.24296962879640044,0.7859485709744759,0.37502998161296547,0.26456886338393193,0.18951098358632606,,ML
german_credit,german_credit_slice_00_n400,logreg,42,80,0.725,0.5294117647058824,age_bin,<=25,0.36363636363636365,0.625,0.47058823529411764,0.7170055899116313,0.5327166522722585,0.4597142857142857,0.22,,ML
german_credit,german_credit_slice_00_n400,logreg,43,80,0.7625,0.625,age_bin,<=25,0.1960784313725491,0.7142857142857143,0.375,0.7170055899116313,0.5327166522722585,0.4597142857142857,0.22,,ML
german_credit,german_credit_slice_00_n400,logreg,44,80,0.75,0.6428571428571429,age_bin,<=25,0.16666666666666674,0.6923076923076923,0.35714285714285715,0.7170055899116313,0.5327166522722585,0.4597142857142857,0.22,,ML
german_credit,german_credit_slice_00_n400,logreg,45,80,0.7625,0.7115384615384616,age_bin,26-45,0.3076923076923077,0.17142857142857143,0.28846153846153844,0.7170055899116313,0.5327166522722585,0.4597142857142857,0.22,,ML
german_credit,german_credit_slice_00_n400,logreg,46,80,0.7125,0.5,age_bin,<=25,0.33333333333333337,0.5,0.2755102040816326,0.7170055899116313,0.5327166522722585,0.4597142857142857,0.22,,ML
german_credit,german_credit_slice_00_n400,mlp,42,80,0.7,0.5294117647058824,age_bin,<=25,0.0,0.0,0.47058823529411764,0.7170055899116313,0.5327166522722585,0.4597142857142857,0.22,,ML
german_credit,german_credit_slice_00_n400,mlp,43,80,0.6375,0.0,age_bin,65+,0.6666666666666667,1.0,0.7058823529411764,0.7170055899116313,0.5327166522722585,0.4597142857142857,0.22,,ML
german_credit,german_credit_slice_00_n400,mlp,44,80,0.7,0.42857142857142855,age_bin,<=25,0.08333333333333337,0.33333333333333337,0.40476190476190477,0.7170055899116313,0.5327166522722585,0.4597142857142857,0.22,,ML
german_credit,german_credit_slice_00_n400,mlp,45,80,0.725,0.6153846153846154,sex,female,0.038461538461538436,0.1428571428571429,0.38461538461538464,0.7170055899116313,0.5327166522722585,0.4597142857142857,0.22,,ML
german_credit,german_credit_slice_00_n400,mlp,46,80,0.7,0.5,age_bin,<=25,0.0,0.0,0.25510204081632654,0.7170055899116313,0.5327166522722585,0.4597142857142857,0.22,,ML
german_credit,german_credit_slice_00_n400,xgboost,42,80,0.775,0.5294117647058824,age_bin,<=25,0.23529411764705888,0.4166666666666667,0.47058823529411764,0.7170055899116313,0.5327166522722585,0.4597142857142857,0.22,,ML
german_credit,german_credit_slice_00_n400,xgboost,43,80,0.8,0.7391304347826086,sex,female,0.275,0.6666666666666666,0.2608695652173913,0.7170055899116313,0.5327166522722585,0.4597142857142857,0.22,,ML
german_credit,german_credit_slice_00_n400,xgboost,44,80,0.7625,0.5714285714285714,age_bin,<=25,0.19047619047619047,0.6153846153846154,0.42857142857142855,0.7170055899116313,0.5327166522722585,0.4597142857142857,0.22,,ML
german_credit,german_credit_slice_00_n400,xgboost,45,80,0.7875,0.6923076923076923,sex,female,0.3076923076923077,0.3142857142857143,0.3076923076923077,0.7170055899116313,0.5327166522722585,0.4597142857142857,0.22,,ML
german_credit,german_credit_slice_00_n400,xgboost,46,80,0.8375,0.75,age_bin,46-65,0.2534013605442177,0.6,0.25,0.7170055899116313,0.5327166522722585,0.4597142857142857,0.22,,ML
german_credit,german_credit_slice_01_n500,logreg,42,100,0.74,0.5,age_bin,65+,0.4375,1.0,0.2586206896551724,0.7259720834175893,0.5327166522736606,0.4605142857142857,0.224,,ML
german_credit,german_credit_slice_01_n500,logreg,43,100,0.81,0.7,age_bin,<=25,0.24285714285714288,0.18376068376068377,0.14482758620689654,0.7259720834175893,0.5327166522736606,0.4605142857142857,0.224,,ML
german_credit,german_credit_slice_01_n500,logreg,44,100,0.76,0.6,age_bin,<=25,0.26086956521739135,0.4444444444444445,0.4,0.7259720834175893,0.5327166522736606,0.4605142857142857,0.224,,ML
german_credit,german_credit_slice_01_n500,logreg,45,100,0.76,0.631578947368421,age_bin,46-65,0.30645161290322576,0.5793650793650793,0.3684210526315789,0.7259720834175893,0.5327166522736606,0.4605142857142857,0.224,,ML
german_credit,german_credit_slice_01_n500,logreg,46,100,0.82,0.0,age_bin,65+,0.25,0.3214285714285714,0.8571428571428572,0.7259720834175893,0.5327166522736606,0.4605142857142857,0.224,,ML
german_credit,german_credit_slice_01_n500,mlp,42,100,0.7,0.5,age_bin,65+,0.1875,0.6666666666666667,0.375,0.7259720834175893,0.5327166522736606,0.4605142857142857,0.224,,ML
german_credit,german_credit_slice_01_n500,mlp,43,100,0.7,0.5909090909090909,age_bin,46-65,0.0,0.0,0.18495297805642635,0.7259720834175893,0.5327166522736606,0.4605142857142857,0.224,,ML
german_credit,german_credit_slice_01_n500,mlp,44,100,0.68,0.5333333333333333,age_bin,<=25,0.19999999999999996,0.1633986928104575,0.4666666666666667,0.7259720834175893,0.5327166522736606,0.4605142857142857,0.224,,ML
german_credit,german_credit_slice_01_n500,mlp,45,100,0.67,0.5666666666666667,sex,female,0.12903225806451613,0.2142857142857143,0.43333333333333335,0.7259720834175893,0.5327166522736606,0.4605142857142857,0.224,,ML
german_credit,german_credit_slice_01_n500,mlp,46,100,0.71,0.0,age_bin,65+,0.016129032258064502,0.05555555555555558,0.8095238095238095,0.7259720834175893,0.5327166522736606,0.4605142857142857,0.224,,ML
german_credit,german_credit_slice_01_n500,xgboost,42,100,0.79,0.6666666666666666,age_bin,46-65,0.25,0.5714285714285714,0.3333333333333333,0.7259720834175893,0.5327166522736606,0.4605142857142857,0.224,,ML
german_credit,german_credit_slice_01_n500,xgboost,43,100,0.85,0.8,sex,female,0.09047619047619049,0.1527777777777778,0.1090909090909091,0.7259720834175893,0.5327166522736606,0.4605142857142857,0.224,,ML
german_credit,german_credit_slice_01_n500,xgboost,44,100,0.84,0.6666666666666666,age_bin,<=25,0.3913043478260869,0.5,0.3333333333333333,0.7259720834175893,0.5327166522736606,0.4605142857142857,0.224,,ML
german_credit,german_credit_slice_01_n500,xgboost,45,100,0.82,0.6666666666666666,age_bin,<=25,0.30645161290322576,0.37777777777777777,0.3333333333333333,0.7259720834175893,0.5327166522736606,0.4605142857142857,0.224,,ML
german_credit,german_credit_slice_01_n500,xgboost,46,100,0.84,0.7142857142857143,sex,female,0.8125,0.5714285714285714,0.2857142857142857,0.7259720834175893,0.5327166522736606,0.4605142857142857,0.224,,ML
german_credit,german_credit_slice_02_n600,logreg,42,120,0.775,0.65,age_bin,<=25,0.3047619047619048,0.2727272727272727,0.20714285714285713,0.7355120834170592,0.5327166522750492,0.4600476190476191,0.22166666666666668,,ML
german_credit,german_credit_slice_02_n600,logreg,43,120,0.7,0.5,age_bin,65+,0.30434782608695654,0.6000000000000001,0.3108108108108108,0.7355120834170592,0.5327166522750492,0.4600476190476191,0.22166666666666668,,ML
german_credit,german_credit_slice_02_n600,logreg,44,120,0.7083333333333334,0.5945945945945946,sex,female,0.4782608695652174,0.375,0.40540540540540543,0.7355120834170592,0.5327166522750492,0.4600476190476191,0.22166666666666668,,ML
german_credit,german_credit_slice_02_n600,logreg,45,120,0.7583333333333333,0.5,age_bin,65+,0.4,0.7777777777777778,0.3,0.7355120834170592,0.5327166522750492,0.4600476190476191,0.22166666666666668,,ML
german_credit,german_credit_slice_02_n600,logreg,46,120,0.8,0.6,age_bin,<=25,0.33333333333333337,0.5714285714285714,0.4,0.7355120834170592,0.5327166522750492,0.4600476190476191,0.22166666666666668,,ML
german_credit,german_credit_slice_02_n600,mlp,42,120,0.6333333333333333,0.5,age_bin,<=25,0.11250000000000004,0.18307210031347954,0.175,0.7355120834170592,0.5327166522750492,0.4600476190476191,0.22166666666666668,,ML
german_credit,german_credit_slice_02_n600,mlp,43,120,0.7166666666666667,0.5,age_bin,65+,0.08695652173913049,0.1428571428571429,0.33783783783783783,0.7355120834170592,0.5327166522750492,0.4600476190476191,0.22166666666666668,,ML
german_credit,german_credit_slice_02_n600,mlp,44,120,0.7166666666666667,0.6428571428571429,age_bin,46-65,0.13043478260869568,0.3411371237458194,0.35714285714285715,0.7355120834170592,0.5327166522750492,0.4600476190476191,0.22166666666666668,,ML
german_credit,german_credit_slice_02_n600,mlp,45,120,0.7833333333333333,0.5,age_bin,65+,0.28,0.5555555555555556,0.3157894736842105,0.7355120834170592,0.5327166522750492,0.4600476190476191,0.22166666666666668,,ML
german_credit,german_credit_slice_02_n600,mlp,46,120,0.775,0.6,age_bin,<=25,0.19999999999999996,0.7142857142857143,0.4,0.7355120834170592,0.5327166522750492,0.4600476190476191,0.22166666666666668,,ML
german_credit,german_credit_slice_02_n600,xgboost,42,120,0.8833333333333333,0.8571428571428571,age_bin,46-65,0.3047619047619048,0.4888888888888889,0.09285714285714285,0.7355120834170592,0.5327166522750492,0.4600476190476191,0.22166666666666668,,ML
german_credit,german_credit_slice_02_n600,xgboost,43,120,0.7583333333333333,0.5,age_bin,65+,0.26086956521739135,0.5555555555555556,0.33783783783783783,0.7355120834170592,0.5327166522750492,0.4600476190476191,0.22166666666666668,,ML
german_credit,german_credit_slice_02_n600,xgboost,44,120,0.875,0.8378378378378378,sex,female,0.30434782608695654,0.20833333333333331,0.16216216216216217,0.7355120834170592,0.5327166522750492,0.4600476190476191,0.22166666666666668,,ML
german_credit,german_credit_slice_02_n600,xgboost,45,120,0.8583333333333333,0.5,age_bin,65+,0.43999999999999995,0.8888888888888888,0.40909090909090906,0.7355120834170592,0.5327166522750492,0.4600476190476191,0.22166666666666668,,ML
german_credit,german_credit_slice_02_n600,xgboost,46,120,0.875,0.8,age_bin,<=25,0.4,0.35714285714285715,0.2,0.7355120834170592,0.5327166522750492,0.4600476190476191,0.22166666666666668,,ML
german_credit,german_credit_slice_03_n700,logreg,42,140,0.7857142857142857,0.6785714285714286,age_bin,<=25,0.4,0.6571428571428573,0.32142857142857145,0.7444747921363479,0.5327166522765235,0.45999999999999996,0.22142857142857142,,ML
german_credit,german_credit_slice_03_n700,logreg,43,140,0.7857142857142857,0.6,age_bin,<=25,0.23333333333333328,0.358974358974359,0.4,0.7444747921363479,0.5327166522765235,0.45999999999999996,0.22142857142857142,,ML
german_credit,german_credit_slice_03_n700,logreg,44,140,0.7285714285714285,0.6071428571428571,age_bin,<=25,0.25,0.2714285714285714,0.39285714285714285,0.7444747921363479,0.5327166522765235,0.45999999999999996,0.22142857142857142,,ML
german_credit,german_credit_slice_03_n700,logreg,45,140,0.7857142857142857,0.52,age_bin,<=25,0.11499999999999999,0.42500000000000004,0.33714285714285713,0.7444747921363479,0.5327166522765235,0.45999999999999996,0.22142857142857142,,ML
german_credit,german_credit_slice_03_n700,logreg,46,140,0.7357142857142858,0.6,age_bin,<=25,0.20000000000000007,0.40886699507389157,0.20952380952380956,0.7444747921363479,0.5327166522765235,0.45999999999999996,0.22142857142857142,,ML
german_credit,german_credit_slice_03_n700,mlp,42,140,0.7642857142857142,0.6785714285714286,age_bin,<=25,0.17045454545454541,0.22857142857142865,0.32142857142857145,0.7444747921363479,0.5327166522765235,0.45999999999999996,0.22142857142857142,,ML
german_credit,german_credit_slice_03_n700,mlp,43,140,0.6857142857142857,0.5666666666666667,age_bin,<=25,0.25,0.019990004997501254,0.18333333333333335,0.7444747921363479,0.5327166522765235,0.45999999999999996,0.22142857142857142,,ML
german_credit,german_credit_slice_03_n700,mlp,44,140,0.7714285714285715,0.7159090909090909,age_bin,26-45,0.3928571428571429,0.32,0.2840909090909091,0.7444747921363479,0.5327166522765235,0.45999999999999996,0.22142857142857142,,ML
german_credit,german_credit_slice_03_n700,mlp,45,140,0.8142857142857143,0.6,age_bin,<=25,0.07637349100763735,0.36666666666666664,0.2681318681318682,0.7444747921363479,0.5327166522765235,0.45999999999999996,0.22142857142857142,,ML
german_credit,german_credit_slice_03_n700,mlp,46,140,0.7357142857142858,0.65,age_bin,46-65,0.17000000000000004,0.3793103448275862,0.1595238095238095,0.7444747921363479,0.5327166522765235,0.45999999999999996,0.22142857142857142,,ML
german_credit,german_credit_slice_03_n700,xgboost,42,140,0.8142857142857143,0.8,age_bin,46-65,0.44999999999999996,0.29714285714285715,0.2,0.7444747921363479,0.5327166522765235,0.45999999999999996,0.22142857142857142,,ML
german_credit,german_credit_slice_03_n700,xgboost,43,140,0.8714285714285714,0.8333333333333334,age_bin,<=25,0.4666666666666667,0.34615384615384615,0.16666666666666666,0.7444747921363479,0.5327166522765235,0.45999999999999996,0.22142857142857142,,ML
german_credit,german_credit_slice_03_n700,xgboost,44,140,0.8071428571428572,0.75,age_bin,26-45,0.2857142857142857,0.45714285714285713,0.25,0.7444747921363479,0.5327166522765235,0.45999999999999996,0.22142857142857142,,ML
german_credit,german_credit_slice_03_n700,xgboost,45,140,0.9,0.8333333333333334,age_bin,46-65,0.19333333333333336,0.3,0.08974358974358973,0.7444747921363479,0.5327166522765235,0.45999999999999996,0.22142857142857142,,ML
german_credit,german_credit_slice_03_n700,xgboost,46,140,0.8214285714285714,0.7,age_bin,<=25,0.15000000000000002,0.22660098522167482,0.18095238095238095,0.7444747921363479,0.5327166522765235,0.45999999999999996,0.22142857142857142,,ML
german_credit,german_credit_slice_04_n800,logreg,42,160,0.76875,0.6326530612244898,sex,female,0.32258064516129037,0.2222222222222222,0.3673469387755102,0.7536903301692303,0.532716652277866,0.4552142857142857,0.1975,,ML
german_credit,german_credit_slice_04_n800,logreg,43,160,0.7875,0.6774193548387096,age_bin,<=25,0.3548387096774194,0.3488943488943489,0.3225806451612903,0.7536903301692303,0.532716652277866,0.4552142857142857,0.1975,,ML
german_credit,german_credit_slice_04_n800,logreg,44,160,0.73125,0.6470588235294118,age_bin,<=25,0.30434782608695654,0.75,0.15294117647058825,0.7536903301692303,0.532716652277866,0.4552142857142857,0.1975,,ML
german_credit,german_credit_slice_04_n800,logreg,45,160,0.7625,0.5,age_bin,65+,0.4285714285714286,0.7272727272727273,0.2962962962962963,0.7536903301692303,0.532716652277866,0.4552142857142857,0.1975,,ML
german_credit,german_credit_slice_04_n800,logreg,46,160,0.775,0.7142857142857143,sex,female,0.08791208791208782,0.5,0.1357142857142857,0.7536903301692303,0.532716652277866,0.4552142857142857,0.1975,,ML
german_credit,german_credit_slice_04_n800,mlp,42,160,0.75625,0.6530612244897959,sex,female,0.15533980582524276,0.20197044334975367,0.3469387755102041,0.7536903301692303,0.532716652277866,0.4552142857142857,0.1975,,ML
german_credit,german_credit_slice_04_n800,mlp,43,160,0.725,0.6774193548387096,age_bin,<=25,0.16129032258064513,0.20147420147420148,0.3225806451612903,0.7536903301692303,0.532716652277866,0.4552142857142857,0.1975,,ML
german_credit,german_credit_slice_04_n800,mlp,44,160,0.775,0.6470588235294118,age_bin,<=25,0.12352941176470589,0.5294117647058824,0.35294117647058826,0.7536903301692303,0.532716652277866,0.4552142857142857,0.1975,,ML
german_credit,german_credit_slice_04_n800,mlp,45,160,0.8,0.75,age_bin,<=25,0.40476190476190477,0.6666666666666666,0.25,0.7536903301692303,0.532716652277866,0.4552142857142857,0.1975,,ML
german_credit,german_credit_slice_04_n800,mlp,46,160,0.76875,0.673469387755102,sex,female,0.1923076923076923,0.5,0.18367346938775508,0.7536903301692303,0.532716652277866,0.4552142857142857,0.1975,,ML
german_credit,german_credit_slice_04_n800,xgboost,42,160,0.85625,0.7096774193548387,age_bin,<=25,0.29032258064516125,0.31216931216931215,0.2903225806451613,0.7536903301692303,0.532716652277866,0.4552142857142857,0.1975,,ML
german_credit,german_credit_slice_04_n800,xgboost,43,160,0.81875,0.6774193548387096,age_bin,<=25,0.29032258064516125,0.19999999999999996,0.3225806451612903,0.7536903301692303,0.532716652277866,0.4552142857142857,0.1975,,ML
german_credit,german_credit_slice_04_n800,xgboost,44,160,0.81875,0.7058823529411765,age_bin,<=25,0.14430468204053115,0.47058823529411764,0.29411764705882354,0.7536903301692303,0.532716652277866,0.4552142857142857,0.1975,,ML
german_credit,german_credit_slice_04_n800,xgboost,45,160,0.83125,0.8207547169811321,sex,male,0.3571428571428571,0.5172413793103449,0.1792452830188679,0.7536903301692303,0.532716652277866,0.4552142857142857,0.1975,,ML
german_credit,german_credit_slice_04_n800,xgboost,46,160,0.88125,0.85,age_bin,46-65,0.1648351648351648,0.36363636363636365,0.15,0.7536903301692303,0.532716652277866,0.4552142857142857,0.1975,,ML
german_credit,german_credit_slice_05_n900,logreg,42,180,0.7277777777777777,0.6666666666666666,age_bin,<=25,0.17419522326064385,0.41666666666666663,0.17117117117117114,0.7637783171817013,0.5327166522792179,0.4510476190476191,0.17666666666666667,,ML
german_credit,german_credit_slice_05_n900,logreg,43,180,0.7,0.4857142857142857,age_bin,<=25,0.22436974789915964,0.30092592592592593,0.3378151260504201,0.7637783171817013,0.5327166522792179,0.4510476190476191,0.17666666666666667,,ML
german_credit,german_credit_slice_05_n900,logreg,44,180,0.8166666666666667,0.7,age_bin,<=25,0.12797619047619047,0.16666666666666669,0.19473684210526315,0.7637783171817013,0.5327166522792179,0.4510476190476191,0.17666666666666667,,ML
german_credit,german_credit_slice_05_n900,logreg,45,180,0.7388888888888889,0.5,age_bin,65+,0.4390243902439024,0.6190476190476191,0.3148148148148148,0.7637783171817013,0.5327166522792179,0.4510476190476191,0.17666666666666667,,ML
german_credit,german_credit_slice_05_n900,logreg,46,180,0.8055555555555556,0.5,age_bin,65+,0.4444444444444444,0.625,0.39473684210526316,0.7637783171817013,0.5327166522792179,0.4510476190476191,0.17666666666666667,,ML
german_credit,german_credit_slice_05_n900,mlp,42,180,0.7333333333333333,0.6666666666666666,sex,female,0.1562881562881563,0.4204545454545454,0.19819819819819817,0.7637783171817013,0.5327166522792179,0.4510476190476191,0.17666666666666667,,ML
german_credit,german_credit_slice_05_n900,mlp,43,180,0.7722222222222223,0.6285714285714286,age_bin,<=25,0.2857142857142857,0.1503759398496241,0.37142857142857144,0.7637783171817013,0.5327166522792179,0.4510476190476191,0.17666666666666667,,ML
german_credit,german_credit_slice_05_n900,mlp,44,180,0.6944444444444444,0.5,age_bin,<=25,0.052631578947368474,0.09999999999999998,0.2368421052631579,0.7637783171817013,0.5327166522792179,0.4510476190476191,0.17666666666666667,,ML
german_credit,german_credit_slice_05_n900,mlp,45,180,0.7388888888888889,0.5,age_bin,65+,0.19512195121951215,0.2857142857142857,0.3888888888888889,0.7637783171817013,0.5327166522792179,0.4510476190476191,0.17666666666666667,,ML
german_credit,german_credit_slice_05_n900,mlp,46,180,0.8555555555555555,0.6944444444444444,age_bin,<=25,0.3713450292397661,0.3529411764705882,0.3055555555555556,0.7637783171817013,0.5327166522792179,0.4510476190476191,0.17666666666666667,,ML
german_credit,german_credit_slice_05_n900,xgboost,42,180,0.8611111111111112,0.8412698412698413,sex,female,0.16484942886812048,0.29924242424242425,0.047619047619047616,0.7637783171817013,0.5327166522792179,0.4510476190476191,0.17666666666666667,,ML
german_credit,german_credit_slice_05_n900,xgboost,43,180,0.8388888888888889,0.6857142857142857,age_bin,<=25,0.4,0.2781954887218045,0.3142857142857143,0.7637783171817013,0.5327166522792179,0.4510476190476191,0.17666666666666667,,ML
german_credit,german_credit_slice_05_n900,xgboost,44,180,0.8333333333333334,0.7333333333333333,age_bin,<=25,0.22280701754385968,0.16428571428571426,0.16140350877192983,0.7637783171817013,0.5327166522792179,0.4510476190476191,0.17666666666666667,,ML
german_credit,german_credit_slice_05_n900,xgboost,45,180,0.8166666666666667,0.5,age_bin,65+,0.4390243902439024,0.6785714285714286,0.3888888888888889,0.7637783171817013,0.5327166522792179,0.4510476190476191,0.17666666666666667,,ML
german_credit,german_credit_slice_05_n900,xgboost,46,180,0.8555555555555555,0.5,age_bin,65+,0.41666666666666663,0.7,0.42105263157894735,0.7637783171817013,0.5327166522792179,0.4510476190476191,0.17666666666666667,,ML
german_credit,german_credit_slice_06_n1000,logreg,42,200,0.775,0.75,age_bin,46-65,0.31034482758620685,0.6153846153846154,0.04310344827586207,0.7735209145837515,0.5327166522806509,0.4595142857142857,0.219,,ML
german_credit,german_credit_slice_06_n1000,logreg,43,200,0.735,0.5384615384615384,age_bin,<=25,0.17948717948717952,0.4,0.24666242848061032,0.7735209145837515,0.5327166522806509,0.4595142857142857,0.219,,ML
german_credit,german_credit_slice_06_n1000,logreg,44,200,0.785,0.7435897435897436,age_bin,<=25,0.2622950819672131,0.2142857142857143,0.2564102564102564,0.7735209145837515,0.5327166522806509,0.4595142857142857,0.219,,ML
german_credit,german_credit_slice_06_n1000,logreg,45,200,0.745,0.6578947368421053,age_bin,<=25,0.2894736842105263,0.5135135135135135,0.1754385964912281,0.7735209145837515,0.5327166522806509,0.4595142857142857,0.219,,ML
german_credit,german_credit_slice_06_n1000,logreg,46,200,0.79,0.3333333333333333,age_bin,65+,0.2894736842105263,0.6875,0.5350877192982456,0.7735209145837515,0.5327166522806509,0.4595142857142857,0.219,,ML
german_credit,german_credit_slice_06_n1000,mlp,42,200,0.815,0.75,age_bin,65+,0.3793103448275862,0.6923076923076923,0.09375,0.7735209145837515,0.5327166522806509,0.4595142857142857,0.219,,ML
german_credit,german_credit_slice_06_n1000,mlp,43,200,0.76,0.6153846153846154,age_bin,<=25,0.2564102564102564,0.4,0.22245322245322247,0.7735209145837515,0.5327166522806509,0.4595142857142857,0.219,,ML
german_credit,german_credit_slice_06_n1000,mlp,44,200,0.865,0.7435897435897436,age_bin,<=25,0.41025641025641024,0.18290854572713644,0.2564102564102564,0.7735209145837515,0.5327166522806509,0.4595142857142857,0.219,,ML
german_credit,german_credit_slice_06_n1000,mlp,45,200,0.79,0.7317073170731707,sex,female,0.26315789473684215,0.5833333333333333,0.10162601626016263,0.7735209145837515,0.5327166522806509,0.4595142857142857,0.219,,ML
german_credit,german_credit_slice_06_n1000,mlp,46,200,0.775,0.3333333333333333,age_bin,65+,0.1415929203539823,0.4545454545454546,0.5144927536231884,0.7735209145837515,0.5327166522806509,0.4595142857142857,0.219,,ML
german_credit,german_credit_slice_06_n1000,xgboost,42,200,0.85,0.75,age_bin,65+,0.3448275862068966,0.9090909090909091,0.1875,0.7735209145837515,0.5327166522806509,0.4595142857142857,0.219,,ML
german_credit,german_credit_slice_06_n1000,xgboost,43,200,0.825,0.6666666666666666,age_bin,65+,0.2564102564102564,0.6,0.2252252252252252,0.7735209145837515,0.5327166522806509,0.4595142857142857,0.219,,ML
german_credit,german_credit_slice_06_n1000,xgboost,44,200,0.855,0.7435897435897436,age_bin,<=25,0.3589743589743589,0.23214285714285715,0.2564102564102564,0.7735209145837515,0.5327166522806509,0.4595142857142857,0.219,,ML
german_credit,german_credit_slice_06_n1000,xgboost,45,200,0.855,0.7105263157894737,age_bin,<=25,0.17543859649122806,0.4166666666666667,0.2894736842105263,0.7735209145837515,0.5327166522806509,0.4595142857142857,0.219,,ML
german_credit,german_credit_slice_06_n1000,xgboost,46,200,0.855,0.6666666666666666,age_bin,65+,0.18258034466697726,0.25,0.20289855072463767,0.7735209145837515,0.5327166522806509,0.4595142857142857,0.219,,ML
german_credit,german_credit_slice_07_n1000,logreg,42,200,0.775,0.7105263157894737,age_bin,<=25,0.368421052631579,0.6666666666666667,0.11090225563909775,0.7728196158819484,0.5327166522819716,0.45451428571428576,0.19400000000000003,,ML
german_credit,german_credit_slice_07_n1000,logreg,43,200,0.72,0.2,age_bin,65+,0.2568181818181817,0.6428571428571428,0.5657657657657658,0.7728196158819484,0.5327166522819716,0.45451428571428576,0.19400000000000003,,ML
german_credit,german_credit_slice_07_n1000,logreg,44,200,0.74,0.6865671641791045,sex,female,0.3648648648648649,0.7,0.31343283582089554,0.7728196158819484,0.5327166522819716,0.45451428571428576,0.19400000000000003,,ML
german_credit,german_credit_slice_07_n1000,logreg,45,200,0.725,0.6041666666666666,age_bin,<=25,0.375,0.5454545454545454,0.1706081081081081,0.7728196158819484,0.5327166522819716,0.45451428571428576,0.19400000000000003,,ML
german_credit,german_credit_slice_07_n1000,logreg,46,200,0.83,0.7837837837837838,age_bin,<=25,0.2435407252925501,0.3232323232323232,0.06470106470106471,0.7728196158819484,0.5327166522819716,0.45451428571428576,0.19400000000000003,,ML
german_credit,german_credit_slice_07_n1000,mlp,42,200,0.815,0.7105263157894737,age_bin,<=25,0.368421052631579,0.8333333333333334,0.14661654135338348,0.7728196158819484,0.5327166522819716,0.45451428571428576,0.19400000000000003,,ML
german_credit,german_credit_slice_07_n1000,mlp,43,200,0.78,0.2,age_bin,65+,0.16543816543816547,0.6428571428571428,0.625,0.7728196158819484,0.5327166522819716,0.45451428571428576,0.19400000000000003,,ML
german_credit,german_credit_slice_07_n1000,mlp,44,200,0.8,0.7611940298507462,sex,female,0.33783783783783783,0.6,0.23880597014925373,0.7728196158819484,0.5327166522819716,0.45451428571428576,0.19400000000000003,,ML
german_credit,german_credit_slice_07_n1000,mlp,45,200,0.745,0.6041666666666666,age_bin,<=25,0.29166666666666663,0.5454545454545454,0.19763513513513511,0.7728196158819484,0.5327166522819716,0.45451428571428576,0.19400000000000003,,ML
german_credit,german_credit_slice_07_n1000,mlp,46,200,0.85,0.8181818181818182,age_bin,46-65,0.15085158150851585,0.16742081447963802,0.04668304668304668,0.7728196158819484,0.5327166522819716,0.45451428571428576,0.19400000000000003,,ML
german_credit,german_credit_slice_07_n1000,xgboost,42,200,0.845,0.7368421052631579,age_bin,<=25,0.39473684210526316,0.6666666666666667,0.1477732793522267,0.7728196158819484,0.5327166522819716,0.45451428571428576,0.19400000000000003,,ML
german_credit,german_credit_slice_07_n1000,xgboost,43,200,0.85,0.2,age_bin,65+,0.1863636363636364,1.0,0.7318181818181819,0.7728196158819484,0.5327166522819716,0.45451428571428576,0.19400000000000003,,ML
german_credit,german_credit_slice_07_n1000,xgboost,44,200,0.81,0.5,age_bin,65+,0.34042553191489366,0.6176470588235294,0.3508771929824561,0.7728196158819484,0.5327166522819716,0.45451428571428576,0.19400000000000003,,ML
german_credit,german_credit_slice_07_n1000,xgboost,45,200,0.825,0.3333333333333333,age_bin,65+,0.19481981981981977,0.6521739130434783,0.5315315315315314,0.7728196158819484,0.5327166522819716,0.45451428571428576,0.19400000000000003,,ML
german_credit,german_credit_slice_07_n1000,xgboost,46,200,0.91,0.8378378378378378,age_bin,<=25,0.3056133056133056,0.17948717948717946,0.10155610155610156,0.7728196158819484,0.5327166522819716,0.45451428571428576,0.19400000000000003,,ML
diabetes_130,diabetes_130_ama_n623,logreg,42,125,0.856,0.8387096774193549,race,AfricanAmerican,0.06097560975609756,0.04285714285714286,0.16129032258064516,0.7201462450468774,0.4323450137249083,0.2777767835797958,0.13888391789897886,,ML
diabetes_130,diabetes_130_ama_n623,logreg,43,125,0.848,0.8202247191011236,race,Caucasian,0.033707865168539325,0.125,0.1797752808988764,0.7201462450468774,0.4323450137249083,0.2777767835797958,0.13888391789897886,,ML
diabetes_130,diabetes_130_ama_n623,logreg,44,125,0.832,0.0,race,Asian,1.0,0.02666666666666667,1.0,0.7201462450468774,0.4323450137249083,0.2777767835797958,0.13888391789897886,,ML
diabetes_130,diabetes_130_ama_n623,logreg,45,125,0.832,0.8072289156626506,race,Caucasian,0.04819277108433735,0.1,0.1927710843373494,0.7201462450468774,0.4323450137249083,0.2777767835797958,0.13888391789897886,,ML
diabetes_130,diabetes_130_ama_n623,logreg,46,125,0.808,0.0,race,Asian,1.0,0.047888386123680245,1.0,0.7201462450468774,0.4323450137249083,0.2777767835797958,0.13888391789897886,,ML
diabetes_130,diabetes_130_ama_n623,mlp,42,125,0.856,0.8064516129032258,race,AfricanAmerican,0.0,0.0,0.1935483870967742,0.7201462450468774,0.4323450137249083,0.2777767835797958,0.13888391789897886,,ML
diabetes_130,diabetes_130_ama_n623,mlp,43,125,0.856,0.8314606741573034,race,Caucasian,0.0,0.0,0.16853932584269662,0.7201462450468774,0.4323450137249083,0.2777767835797958,0.13888391789897886,,ML
diabetes_130,diabetes_130_ama_n623,mlp,44,125,0.856,0.0,race,Other,0.0,0.0,1.0,0.7201462450468774,0.4323450137249083,0.2777767835797958,0.13888391789897886,,ML
diabetes_130,diabetes_130_ama_n623,mlp,45,125,0.824,0.7831325301204819,race,Caucasian,0.04819277108433735,0.057971014492753624,0.21686746987951808,0.7201462450468774,0.4323450137249083,0.2777767835797958,0.13888391789897886,,ML
diabetes_130,diabetes_130_ama_n623,mlp,46,125,0.816,0.0,race,Asian,1.0,0.033182503770739065,1.0,0.7201462450468774,0.4323450137249083,0.2777767835797958,0.13888391789897886,,ML
diabetes_130,diabetes_130_ama_n623,xgboost,42,125,0.816,0.7741935483870968,race,AfricanAmerican,0.07317073170731707,0.16666666666666666,0.22580645161290322,0.7201462450468774,0.4323450137249083,0.2777767835797958,0.13888391789897886,,ML
diabetes_130,diabetes_130_ama_n623,xgboost,43,125,0.824,0.7692307692307693,gender,Female,0.08798735511064279,0.13333333333333333,0.23076923076923078,0.7201462450468774,0.4323450137249083,0.2777767835797958,0.13888391789897886,,ML
diabetes_130,diabetes_130_ama_n623,xgboost,44,125,0.84,0.0,race,Asian,1.0,0.15384615384615385,1.0,0.7201462450468774,0.4323450137249083,0.2777767835797958,0.13888391789897886,,ML
diabetes_130,diabetes_130_ama_n623,xgboost,45,125,0.808,0.7710843373493976,race,Caucasian,0.10843373493975904,0.2,0.2289156626506024,0.7201462450468774,0.4323450137249083,0.2777767835797958,0.13888391789897886,,ML
diabetes_130,diabetes_130_ama_n623,xgboost,46,125,0.84,0.0,race,Asian,1.0,0.17647058823529413,1.0,0.7201462450468774,0.4323450137249083,0.2777767835797958,0.13888391789897886,,ML
diabetes_130,diabetes_130_expired_n1652,mlp,42,331,0.9818731117824774,0.976,race,Caucasian,0.024,,0.024,0.7212664015235063,0.432345013732826,0.256578149769891,0.09955741551612159,,ML
diabetes_130,diabetes_130_expired_n1652,mlp,43,331,0.9003021148036254,0.75,race,nan,0.25,,0.25,0.7212664015235063,0.432345013732826,0.256578149769891,0.09955741551612159,,ML
diabetes_130,diabetes_130_expired_n1652,mlp,44,331,0.9577039274924471,0.0,race,Asian,1.0,,1.0,0.7212664015235063,0.432345013732826,0.256578149769891,0.09955741551612159,,ML
diabetes_130,diabetes_130_expired_n1652,mlp,45,331,0.9848942598187311,0.9810606060606061,race,Caucasian,0.01893939393939394,,0.01893939393939394,0.7212664015235063,0.432345013732826,0.256578149769891,0.09955741551612159,,ML
diabetes_130,diabetes_130_expired_n1652,mlp,46,331,0.5347432024169184,0.2,race,nan,0.8,,0.8,0.7212664015235063,0.432345013732826,0.256578149769891,0.09955741551612159,,ML
diabetes_130,diabetes_130_expired_n1652,xgboost,42,331,1.0,1.0,race,AfricanAmerican,0.0,,0.0,0.7212664015235063,0.432345013732826,0.256578149769891,0.09955741551612159,,ML
diabetes_130,diabetes_130_expired_n1652,xgboost,43,331,1.0,1.0,race,AfricanAmerican,0.0,,0.0,0.7212664015235063,0.432345013732826,0.256578149769891,0.09955741551612159,,ML
diabetes_130,diabetes_130_expired_n1652,xgboost,44,331,1.0,1.0,race,AfricanAmerican,0.0,,0.0,0.7212664015235063,0.432345013732826,0.256578149769891,0.09955741551612159,,ML
diabetes_130,diabetes_130_expired_n1652,xgboost,45,331,1.0,1.0,race,AfricanAmerican,0.0,,0.0,0.7212664015235063,0.432345013732826,0.256578149769891,0.09955741551612159,,ML
diabetes_130,diabetes_130_expired_n1652,xgboost,46,331,1.0,1.0,race,AfricanAmerican,0.0,,0.0,0.7212664015235063,0.432345013732826,0.256578149769891,0.09955741551612159,,ML
diabetes_130,diabetes_130_home_n15000,logreg,42,3000,0.8986666666666666,0.75,race,Asian,0.025,0.03508771929824561,0.22560975609756098,0.7361794957430191,0.43234501368216444,0.25612147611555425,0.09727404724443788,,ML
diabetes_130,diabetes_130_home_n15000,logreg,43,3000,0.897,0.8825448613376835,race,AfricanAmerican,0.022222222222222223,0.023809523809523808,0.11745513866231648,0.7361794957430191,0.43234501368216444,0.25612147611555425,0.09727404724443788,,ML
diabetes_130,diabetes_130_home_n15000,logreg,44,3000,0.895,0.8688524590163934,race,Hispanic,0.00859106529209622,0.03389830508474576,0.08114754098360656,0.7361794957430191,0.43234501368216444,0.25612147611555425,0.09727404724443788,,ML
diabetes_130,diabetes_130_home_n15000,logreg,45,3000,0.8983333333333333,0.893687707641196,race,AfricanAmerican,0.0036704601598417557,0.031446540880503145,0.06283403148923877,0.7361794957430191,0.43234501368216444,0.25612147611555425,0.09727404724443788,,ML
diabetes_130,diabetes_130_home_n15000,logreg,46,3000,0.8976666666666666,0.8931034482758621,race,AfricanAmerican,0.021739130434782608,0.022727272727272728,0.07832512315270937,0.7361794957430191,0.43234501368216444,0.25612147611555425,0.09727404724443788,,ML
diabetes_130,diabetes_130_home_n15000,mlp,42,3000,0.8976666666666666,0.75,race,Asian,0.0,0.0,0.22560975609756098,0.7361794957430191,0.43234501368216444,0.25612147611555425,0.09727404724443788,,ML
diabetes_130,diabetes_130_home_n15000,mlp,43,3000,0.898,0.8858075040783034,race,AfricanAmerican,0.022222222222222223,0.023809523809523808,0.11419249592169657,0.7361794957430191,0.43234501368216444,0.25612147611555425,0.09727404724443788,,ML
diabetes_130,diabetes_130_home_n15000,mlp,44,3000,0.8963333333333333,0.8688524590163934,race,Hispanic,0.014084507042253521,0.03389830508474576,0.08114754098360656,0.7361794957430191,0.43234501368216444,0.25612147611555425,0.09727404724443788,,ML
diabetes_130,diabetes_130_home_n15000,mlp,45,3000,0.8986666666666666,0.895224518888097,gender,Male,0.0022789425706472195,0.017543859649122806,0.061297220242337844,0.7361794957430191,0.43234501368216444,0.25612147611555425,0.09727404724443788,,ML
diabetes_130,diabetes_130_home_n15000,mlp,46,3000,0.8986666666666666,0.8941918054930211,race,Caucasian,0.015873015873015872,0.3333333333333333,0.07723676593555028,0.7361794957430191,0.43234501368216444,0.25612147611555425,0.09727404724443788,,ML
diabetes_130,diabetes_130_home_n15000,xgboost,42,3000,0.899,0.75,race,Asian,0.004041311180960934,0.031839021905247074,0.22560975609756098,0.7361794957430191,0.43234501368216444,0.25612147611555425,0.09727404724443788,,ML
diabetes_130,diabetes_130_home_n15000,xgboost,43,3000,0.8986666666666666,0.8858075040783034,race,AfricanAmerican,0.0014084507042253522,0.013333333333333334,0.11419249592169657,0.7361794957430191,0.43234501368216444,0.25612147611555425,0.09727404724443788,,ML
diabetes_130,diabetes_130_home_n15000,xgboost,44,3000,0.898,0.8688524590163934,race,Hispanic,0.014084507042253521,0.05084745762711865,0.08114754098360656,0.7361794957430191,0.43234501368216444,0.25612147611555425,0.09727404724443788,,ML
diabetes_130,diabetes_130_home_n15000,xgboost,45,3000,0.8976666666666666,0.8840579710144928,race,Hispanic,0.014492753623188406,0.021929824561403508,0.07246376811594203,0.7361794957430191,0.43234501368216444,0.25612147611555425,0.09727404724443788,,ML
diabetes_130,diabetes_130_home_n15000,xgboost,46,3000,0.8986666666666666,0.8941918054930211,race,Caucasian,0.00405222872579919,0.025210084033613446,0.07723676593555028,0.7361794957430191,0.43234501368216444,0.25612147611555425,0.09727404724443788,,ML
diabetes_130,diabetes_130_hospice_n771,logreg,42,155,0.9419354838709677,0.9090909090909091,race,AfricanAmerican,0.0,0.0,0.09090909090909091,0.7203274965650344,0.4323450137172438,0.25801922158669527,0.10676277460014291,,ML
diabetes_130,diabetes_130_hospice_n771,logreg,43,155,0.9419354838709677,0.6666666666666666,race,Other,0.0,0.0,0.3333333333333333,0.7203274965650344,0.4323450137172438,0.25801922158669527,0.10676277460014291,,ML
diabetes_130,diabetes_130_hospice_n771,logreg,44,155,0.9419354838709677,0.75,race,Other,0.0,0.0,0.25,0.7203274965650344,0.4323450137172438,0.25801922158669527,0.10676277460014291,,ML
diabetes_130,diabetes_130_hospice_n771,logreg,45,155,0.9419354838709677,0.6666666666666666,race,Other,0.0,0.0,0.3333333333333333,0.7203274965650344,0.4323450137172438,0.25801922158669527,0.10676277460014291,,ML
diabetes_130,diabetes_130_hospice_n771,logreg,46,155,0.9419354838709677,0.8333333333333334,race,AfricanAmerican,0.0,0.0,0.16666666666666666,0.7203274965650344,0.4323450137172438,0.25801922158669527,0.10676277460014291,,ML
diabetes_130,diabetes_130_hospice_n771,mlp,42,155,0.9419354838709677,0.9090909090909091,race,AfricanAmerican,0.0,0.0,0.09090909090909091,0.7203274965650344,0.4323450137172438,0.25801922158669527,0.10676277460014291,,ML
diabetes_130,diabetes_130_hospice_n771,mlp,43,155,0.9419354838709677,0.6666666666666666,race,Other,0.0,0.0,0.3333333333333333,0.7203274965650344,0.4323450137172438,0.25801922158669527,0.10676277460014291,,ML
diabetes_130,diabetes_130_hospice_n771,mlp,44,155,0.9419354838709677,0.75,race,Other,0.0,0.0,0.25,0.7203274965650344,0.4323450137172438,0.25801922158669527,0.10676277460014291,,ML
diabetes_130,diabetes_130_hospice_n771,mlp,45,155,0.9354838709677419,0.6666666666666666,race,Other,0.038461538461538464,0.043478260869565216,0.3333333333333333,0.7203274965650344,0.4323450137172438,0.25801922158669527,0.10676277460014291,,ML
diabetes_130,diabetes_130_hospice_n771,mlp,46,155,0.9419354838709677,0.8333333333333334,race,AfricanAmerican,0.0,0.0,0.16666666666666666,0.7203274965650344,0.4323450137172438,0.25801922158669527,0.10676277460014291,,ML
diabetes_130,diabetes_130_hospice_n771,xgboost,42,155,0.9354838709677419,0.9090909090909091,race,AfricanAmerican,0.011627906976744186,0.0125,0.09090909090909091,0.7203274965650344,0.4323450137172438,0.25801922158669527,0.10676277460014291,,ML
diabetes_130,diabetes_130_hospice_n771,xgboost,43,155,0.9419354838709677,0.6666666666666666,race,Other,0.0,0.0,0.3333333333333333,0.7203274965650344,0.4323450137172438,0.25801922158669527,0.10676277460014291,,ML
diabetes_130,diabetes_130_hospice_n771,xgboost,44,155,0.9419354838709677,0.75,race,Other,0.0,0.0,0.25,0.7203274965650344,0.4323450137172438,0.25801922158669527,0.10676277460014291,,ML
diabetes_130,diabetes_130_hospice_n771,xgboost,45,155,0.9419354838709677,0.6666666666666666,race,Other,0.0,0.0,0.3333333333333333,0.7203274965650344,0.4323450137172438,0.25801922158669527,0.10676277460014291,,ML
diabetes_130,diabetes_130_hospice_n771,xgboost,46,155,0.9483870967741935,0.8333333333333334,race,AfricanAmerican,0.01282051282051282,0.25,0.16666666666666666,0.7203274965650344,0.4323450137172438,0.25801922158669527,0.10676277460014291,,ML
diabetes_130,diabetes_130_other_n4942,logreg,42,989,0.8705763397371082,0.7142857142857143,race,nan,0.01276595744680851,0.027777777777777776,0.2857142857142857,0.7253291012357298,0.43234501374125606,0.2566237725182252,0.09978552925779265,,ML
diabetes_130,diabetes_130_other_n4942,logreg,43,989,0.8736097067745198,0.75,race,Asian,0.012987012987012988,0.058823529411764705,0.15,0.7253291012357298,0.43234501374125606,0.2566237725182252,0.09978552925779265,,ML
diabetes_130,diabetes_130_other_n4942,logreg,44,989,0.8705763397371082,0.7619047619047619,race,Other,0.007874015748031496,0.034482758620689655,0.23809523809523808,0.7253291012357298,0.43234501374125606,0.2566237725182252,0.09978552925779265,,ML
diabetes_130,diabetes_130_other_n4942,logreg,45,989,0.8725985844287159,0.76,race,Hispanic,0.00816326530612245,0.047619047619047616,0.24,0.7253291012357298,0.43234501374125606,0.2566237725182252,0.09978552925779265,,ML
diabetes_130,diabetes_130_other_n4942,logreg,46,989,0.8705763397371082,0.8,race,Other,0.008888888888888889,0.04,0.2,0.7253291012357298,0.43234501374125606,0.2566237725182252,0.09978552925779265,,ML
diabetes_130,diabetes_130_other_n4942,mlp,42,989,0.8705763397371082,0.7142857142857143,race,nan,0.0,0.0,0.2857142857142857,0.7253291012357298,0.43234501374125606,0.2566237725182252,0.09978552925779265,,ML
diabetes_130,diabetes_130_other_n4942,mlp,43,989,0.8705763397371082,0.75,race,Asian,0.0,0.0,0.15,0.7253291012357298,0.43234501374125606,0.2566237725182252,0.09978552925779265,,ML
diabetes_130,diabetes_130_other_n4942,mlp,44,989,0.8705763397371082,0.7619047619047619,race,Other,0.0,0.0,0.23809523809523808,0.7253291012357298,0.43234501374125606,0.2566237725182252,0.09978552925779265,,ML
diabetes_130,diabetes_130_other_n4942,mlp,45,989,0.8705763397371082,0.76,race,Hispanic,0.0,0.0,0.24,0.7253291012357298,0.43234501374125606,0.2566237725182252,0.09978552925779265,,ML
diabetes_130,diabetes_130_other_n4942,mlp,46,989,0.8695652173913043,0.8,race,Other,0.003861003861003861,0.004545454545454545,0.2,0.7253291012357298,0.43234501374125606,0.2566237725182252,0.09978552925779265,,ML
diabetes_130,diabetes_130_other_n4942,xgboost,42,989,0.8675429726996967,0.7142857142857143,race,nan,0.1,1.0,0.2857142857142857,0.7253291012357298,0.43234501374125606,0.2566237725182252,0.09978552925779265,,ML
diabetes_130,diabetes_130_other_n4942,xgboost,43,989,0.8594539939332659,0.75,race,Asian,0.1111111111111111,0.125,0.15,0.7253291012357298,0.43234501374125606,0.2566237725182252,0.09978552925779265,,ML
diabetes_130,diabetes_130_other_n4942,xgboost,44,989,0.871587462082912,0.8095238095238095,race,Other,0.047619047619047616,0.2,0.19047619047619047,0.7253291012357298,0.43234501374125606,0.2566237725182252,0.09978552925779265,,ML
diabetes_130,diabetes_130_other_n4942,xgboost,45,989,0.8685540950455005,0.76,race,Hispanic,0.008658008658008658,0.047619047619047616,0.24,0.7253291012357298,0.43234501374125606,0.2566237725182252,0.09978552925779265,,ML
diabetes_130,diabetes_130_other_n4942,xgboost,46,989,0.8604651162790697,0.8,race,Other,0.019612451041022466,0.04717948717948718,0.2,0.7253291012357298,0.43234501374125606,0.2566237725182252,0.09978552925779265,,ML
diabetes_130,diabetes_130_snf_facility_n15000,logreg,42,3000,0.8366666666666667,0.6666666666666666,race,Asian,0.0005595970900951316,0.0006640106241699867,0.18465227817745802,0.7358843874190039,0.4323450136999753,0.2648379572315943,0.14085645282463805,,ML
diabetes_130,diabetes_130_snf_facility_n15000,logreg,43,3000,0.8366666666666667,0.625,race,Hispanic,0.000846740050804403,0.0010152284263959391,0.29605263157894735,0.7358843874190039,0.4323450136999753,0.2648379572315943,0.14085645282463805,,ML
diabetes_130,diabetes_130_snf_facility_n15000,logreg,44,3000,0.837,0.625,race,Asian,0.000836470096194061,0.0045045045045045045,0.2819767441860465,0.7358843874190039,0.4323450136999753,0.2648379572315943,0.14085645282463805,,ML
diabetes_130,diabetes_130_snf_facility_n15000,logreg,45,3000,0.8363333333333334,0.6486486486486487,race,Hispanic,0.0016673614005835765,0.004761904761904762,0.21801801801801804,0.7358843874190039,0.4323450136999753,0.2648379572315943,0.14085645282463805,,ML
diabetes_130,diabetes_130_snf_facility_n15000,logreg,46,3000,0.8363333333333334,0.6896551724137931,race,Hispanic,0.034482758620689655,0.047619047619047616,0.2515212981744422,0.7358843874190039,0.4323450136999753,0.2648379572315943,0.14085645282463805,,ML
diabetes_130,diabetes_130_snf_facility_n15000,mlp,42,3000,0.837,0.6666666666666666,race,Asian,0.0,0.0,0.18465227817745802,0.7358843874190039,0.4323450136999753,0.2648379572315943,0.14085645282463805,,ML
diabetes_130,diabetes_130_snf_facility_n15000,mlp,43,3000,0.8373333333333334,0.625,race,Hispanic,0.004233700254022015,0.015306122448979591,0.29605263157894735,0.7358843874190039,0.4323450136999753,0.2648379572315943,0.14085645282463805,,ML
diabetes_130,diabetes_130_snf_facility_n15000,mlp,44,3000,0.837,0.625,race,Asian,0.0,0.0,0.2819767441860465,0.7358843874190039,0.4323450136999753,0.2648379572315943,0.14085645282463805,,ML
diabetes_130,diabetes_130_snf_facility_n15000,mlp,45,3000,0.837,0.6486486486486487,race,Hispanic,0.0,0.0,0.21801801801801804,0.7358843874190039,0.4323450136999753,0.2648379572315943,0.14085645282463805,,ML
diabetes_130,diabetes_130_snf_facility_n15000,mlp,46,3000,0.837,0.7241379310344828,race,Hispanic,0.0,0.0,0.21703853955375252,0.7358843874190039,0.4323450136999753,0.2648379572315943,0.14085645282463805,,ML
diabetes_130,diabetes_130_snf_facility_n15000,xgboost,42,3000,0.838,0.6666666666666666,race,Asian,0.043478260869565216,0.1,0.1870503597122302,0.7358843874190039,0.4323450136999753,0.2648379572315943,0.14085645282463805,,ML
diabetes_130,diabetes_130_snf_facility_n15000,xgboost,43,3000,0.8373333333333334,0.65625,race,Hispanic,0.05555555555555555,0.16666666666666666,0.26480263157894735,0.7358843874190039,0.4323450136999753,0.2648379572315943,0.14085645282463805,,ML
diabetes_130,diabetes_130_snf_facility_n15000,xgboost,44,3000,0.838,0.625,race,Asian,0.02702702702702703,0.1111111111111111,0.2819767441860465,0.7358843874190039,0.4323450136999753,0.2648379572315943,0.14085645282463805,,ML
diabetes_130,diabetes_130_snf_facility_n15000,xgboost,45,3000,0.8363333333333334,0.6756756756756757,race,Hispanic,0.06666666666666667,0.07692307692307693,0.17455473907086813,0.7358843874190039,0.4323450136999753,0.2648379572315943,0.14085645282463805,,ML
diabetes_130,diabetes_130_snf_facility_n15000,xgboost,46,3000,0.8383333333333334,0.7241379310344828,race,Hispanic,0.006787330316742082,0.02617801047120419,0.21703853955375252,0.7358843874190039,0.4323450136999753,0.2648379572315943,0.14085645282463805,,ML
wine_quality,wine_quality_slice_00_n800,logreg,42,160,0.71875,,,,,,,0.8183290644173101,0.3940246115077885,,,,ML
wine_quality,wine_quality_slice_00_n800,logreg,43,160,0.78125,,,,,,,0.8183290644173101,0.3940246115077885,,,,ML
wine_quality,wine_quality_slice_00_n800,logreg,44,160,0.7125,,,,,,,0.8183290644173101,0.3940246115077885,,,,ML
wine_quality,wine_quality_slice_00_n800,logreg,45,160,0.675,,,,,,,0.8183290644173101,0.3940246115077885,,,,ML
wine_quality,wine_quality_slice_00_n800,logreg,46,160,0.6875,,,,,,,0.8183290644173101,0.3940246115077885,,,,ML
wine_quality,wine_quality_slice_00_n800,mlp,42,160,0.74375,,,,,,,0.8183290644173101,0.3940246115077885,,,,ML
wine_quality,wine_quality_slice_00_n800,mlp,43,160,0.75625,,,,,,,0.8183290644173101,0.3940246115077885,,,,ML
wine_quality,wine_quality_slice_00_n800,mlp,44,160,0.7375,,,,,,,0.8183290644173101,0.3940246115077885,,,,ML
wine_quality,wine_quality_slice_00_n800,mlp,45,160,0.66875,,,,,,,0.8183290644173101,0.3940246115077885,,,,ML
wine_quality,wine_quality_slice_00_n800,mlp,46,160,0.71875,,,,,,,0.8183290644173101,0.3940246115077885,,,,ML
wine_quality,wine_quality_slice_00_n800,xgboost,42,160,0.76875,,,,,,,0.8183290644173101,0.3940246115077885,,,,ML
wine_quality,wine_quality_slice_00_n800,xgboost,43,160,0.8,,,,,,,0.8183290644173101,0.3940246115077885,,,,ML
wine_quality,wine_quality_slice_00_n800,xgboost,44,160,0.78125,,,,,,,0.8183290644173101,0.3940246115077885,,,,ML
wine_quality,wine_quality_slice_00_n800,xgboost,45,160,0.7125,,,,,,,0.8183290644173101,0.3940246115077885,,,,ML
wine_quality,wine_quality_slice_00_n800,xgboost,46,160,0.73125,,,,,,,0.8183290644173101,0.3940246115077885,,,,ML
wine_quality,wine_quality_slice_01_n1000,logreg,42,200,0.735,,,,,,,0.8390836098702543,0.3940246115119798,,,,ML
wine_quality,wine_quality_slice_01_n1000,logreg,43,200,0.755,,,,,,,0.8390836098702543,0.3940246115119798,,,,ML
wine_quality,wine_quality_slice_01_n1000,logreg,44,200,0.7,,,,,,,0.8390836098702543,0.3940246115119798,,,,ML
wine_quality,wine_quality_slice_01_n1000,logreg,45,200,0.755,,,,,,,0.8390836098702543,0.3940246115119798,,,,ML
wine_quality,wine_quality_slice_01_n1000,logreg,46,200,0.655,,,,,,,0.8390836098702543,0.3940246115119798,,,,ML
wine_quality,wine_quality_slice_01_n1000,mlp,42,200,0.755,,,,,,,0.8390836098702543,0.3940246115119798,,,,ML
wine_quality,wine_quality_slice_01_n1000,mlp,43,200,0.73,,,,,,,0.8390836098702543,0.3940246115119798,,,,ML
wine_quality,wine_quality_slice_01_n1000,mlp,44,200,0.71,,,,,,,0.8390836098702543,0.3940246115119798,,,,ML
wine_quality,wine_quality_slice_01_n1000,mlp,45,200,0.765,,,,,,,0.8390836098702543,0.3940246115119798,,,,ML
wine_quality,wine_quality_slice_01_n1000,mlp,46,200,0.69,,,,,,,0.8390836098702543,0.3940246115119798,,,,ML
wine_quality,wine_quality_slice_01_n1000,xgboost,42,200,0.76,,,,,,,0.8390836098702543,0.3940246115119798,,,,ML
wine_quality,wine_quality_slice_01_n1000,xgboost,43,200,0.695,,,,,,,0.8390836098702543,0.3940246115119798,,,,ML
wine_quality,wine_quality_slice_01_n1000,xgboost,44,200,0.675,,,,,,,0.8390836098702543,0.3940246115119798,,,,ML
wine_quality,wine_quality_slice_01_n1000,xgboost,45,200,0.765,,,,,,,0.8390836098702543,0.3940246115119798,,,,ML
wine_quality,wine_quality_slice_01_n1000,xgboost,46,200,0.68,,,,,,,0.8390836098702543,0.3940246115119798,,,,ML
wine_quality,wine_quality_slice_02_n1200,logreg,42,240,0.7125,,,,,,,0.8378909525257442,0.39402461151683016,,,,ML
wine_quality,wine_quality_slice_02_n1200,logreg,43,240,0.75,,,,,,,0.8378909525257442,0.39402461151683016,,,,ML
wine_quality,wine_quality_slice_02_n1200,logreg,44,240,0.7333333333333333,,,,,,,0.8378909525257442,0.39402461151683016,,,,ML
wine_quality,wine_quality_slice_02_n1200,logreg,45,240,0.7041666666666667,,,,,,,0.8378909525257442,0.39402461151683016,,,,ML
wine_quality,wine_quality_slice_02_n1200,logreg,46,240,0.7125,,,,,,,0.8378909525257442,0.39402461151683016,,,,ML
wine_quality,wine_quality_slice_02_n1200,mlp,42,240,0.725,,,,,,,0.8378909525257442,0.39402461151683016,,,,ML
wine_quality,wine_quality_slice_02_n1200,mlp,43,240,0.75,,,,,,,0.8378909525257442,0.39402461151683016,,,,ML
wine_quality,wine_quality_slice_02_n1200,mlp,44,240,0.7791666666666667,,,,,,,0.8378909525257442,0.39402461151683016,,,,ML
wine_quality,wine_quality_slice_02_n1200,mlp,45,240,0.675,,,,,,,0.8378909525257442,0.39402461151683016,,,,ML
wine_quality,wine_quality_slice_02_n1200,mlp,46,240,0.7041666666666667,,,,,,,0.8378909525257442,0.39402461151683016,,,,ML
wine_quality,wine_quality_slice_02_n1200,xgboost,42,240,0.725,,,,,,,0.8378909525257442,0.39402461151683016,,,,ML
wine_quality,wine_quality_slice_02_n1200,xgboost,43,240,0.7375,,,,,,,0.8378909525257442,0.39402461151683016,,,,ML
wine_quality,wine_quality_slice_02_n1200,xgboost,44,240,0.8,,,,,,,0.8378909525257442,0.39402461151683016,,,,ML
wine_quality,wine_quality_slice_02_n1200,xgboost,45,240,0.7541666666666667,,,,,,,0.8378909525257442,0.39402461151683016,,,,ML
wine_quality,wine_quality_slice_02_n1200,xgboost,46,240,0.7041666666666667,,,,,,,0.8378909525257442,0.39402461151683016,,,,ML
wine_quality,wine_quality_slice_03_n1500,logreg,42,300,0.7266666666666667,,,,,,,0.8367436098669079,0.3940246115207427,,,,ML
wine_quality,wine_quality_slice_03_n1500,logreg,43,300,0.6833333333333333,,,,,,,0.8367436098669079,0.3940246115207427,,,,ML
wine_quality,wine_quality_slice_03_n1500,logreg,44,300,0.6933333333333334,,,,,,,0.8367436098669079,0.3940246115207427,,,,ML
wine_quality,wine_quality_slice_03_n1500,logreg,45,300,0.7166666666666667,,,,,,,0.8367436098669079,0.3940246115207427,,,,ML
wine_quality,wine_quality_slice_03_n1500,logreg,46,300,0.6866666666666666,,,,,,,0.8367436098669079,0.3940246115207427,,,,ML
wine_quality,wine_quality_slice_03_n1500,mlp,42,300,0.75,,,,,,,0.8367436098669079,0.3940246115207427,,,,ML
wine_quality,wine_quality_slice_03_n1500,mlp,43,300,0.6866666666666666,,,,,,,0.8367436098669079,0.3940246115207427,,,,ML
wine_quality,wine_quality_slice_03_n1500,mlp,44,300,0.7333333333333333,,,,,,,0.8367436098669079,0.3940246115207427,,,,ML
wine_quality,wine_quality_slice_03_n1500,mlp,45,300,0.71,,,,,,,0.8367436098669079,0.3940246115207427,,,,ML
wine_quality,wine_quality_slice_03_n1500,mlp,46,300,0.6966666666666667,,,,,,,0.8367436098669079,0.3940246115207427,,,,ML
wine_quality,wine_quality_slice_03_n1500,xgboost,42,300,0.7433333333333333,,,,,,,0.8367436098669079,0.3940246115207427,,,,ML
wine_quality,wine_quality_slice_03_n1500,xgboost,43,300,0.7366666666666667,,,,,,,0.8367436098669079,0.3940246115207427,,,,ML
wine_quality,wine_quality_slice_03_n1500,xgboost,44,300,0.7466666666666667,,,,,,,0.8367436098669079,0.3940246115207427,,,,ML
wine_quality,wine_quality_slice_03_n1500,xgboost,45,300,0.76,,,,,,,0.8367436098669079,0.3940246115207427,,,,ML
wine_quality,wine_quality_slice_03_n1500,xgboost,46,300,0.7166666666666667,,,,,,,0.8367436098669079,0.3940246115207427,,,,ML
wine_quality,wine_quality_slice_04_n1800,logreg,42,360,0.725,,,,,,,0.8355535399353152,0.3940246115247305,,,,ML
wine_quality,wine_quality_slice_04_n1800,logreg,43,360,0.7388888888888889,,,,,,,0.8355535399353152,0.3940246115247305,,,,ML
wine_quality,wine_quality_slice_04_n1800,logreg,44,360,0.725,,,,,,,0.8355535399353152,0.3940246115247305,,,,ML
wine_quality,wine_quality_slice_04_n1800,logreg,45,360,0.7583333333333333,,,,,,,0.8355535399353152,0.3940246115247305,,,,ML
wine_quality,wine_quality_slice_04_n1800,logreg,46,360,0.6722222222222223,,,,,,,0.8355535399353152,0.3940246115247305,,,,ML
wine_quality,wine_quality_slice_04_n1800,mlp,42,360,0.7527777777777778,,,,,,,0.8355535399353152,0.3940246115247305,,,,ML
wine_quality,wine_quality_slice_04_n1800,mlp,43,360,0.7444444444444445,,,,,,,0.8355535399353152,0.3940246115247305,,,,ML
wine_quality,wine_quality_slice_04_n1800,mlp,44,360,0.7694444444444445,,,,,,,0.8355535399353152,0.3940246115247305,,,,ML
wine_quality,wine_quality_slice_04_n1800,mlp,45,360,0.7694444444444445,,,,,,,0.8355535399353152,0.3940246115247305,,,,ML
wine_quality,wine_quality_slice_04_n1800,mlp,46,360,0.6916666666666667,,,,,,,0.8355535399353152,0.3940246115247305,,,,ML
wine_quality,wine_quality_slice_04_n1800,xgboost,42,360,0.7666666666666667,,,,,,,0.8355535399353152,0.3940246115247305,,,,ML
wine_quality,wine_quality_slice_04_n1800,xgboost,43,360,0.7555555555555555,,,,,,,0.8355535399353152,0.3940246115247305,,,,ML
wine_quality,wine_quality_slice_04_n1800,xgboost,44,360,0.7583333333333333,,,,,,,0.8355535399353152,0.3940246115247305,,,,ML
wine_quality,wine_quality_slice_04_n1800,xgboost,45,360,0.8138888888888889,,,,,,,0.8355535399353152,0.3940246115247305,,,,ML
wine_quality,wine_quality_slice_04_n1800,xgboost,46,360,0.7055555555555556,,,,,,,0.8355535399353152,0.3940246115247305,,,,ML
wine_quality,wine_quality_slice_05_n2000,logreg,42,400,0.7175,,,,,,,0.8354036797939659,0.3940246115286305,,,,ML
wine_quality,wine_quality_slice_05_n2000,logreg,43,400,0.7,,,,,,,0.8354036797939659,0.3940246115286305,,,,ML
wine_quality,wine_quality_slice_05_n2000,logreg,44,400,0.695,,,,,,,0.8354036797939659,0.3940246115286305,,,,ML
wine_quality,wine_quality_slice_05_n2000,logreg,45,400,0.745,,,,,,,0.8354036797939659,0.3940246115286305,,,,ML
wine_quality,wine_quality_slice_05_n2000,logreg,46,400,0.71,,,,,,,0.8354036797939659,0.3940246115286305,,,,ML
wine_quality,wine_quality_slice_05_n2000,mlp,42,400,0.75,,,,,,,0.8354036797939659,0.3940246115286305,,,,ML
wine_quality,wine_quality_slice_05_n2000,mlp,43,400,0.72,,,,,,,0.8354036797939659,0.3940246115286305,,,,ML
wine_quality,wine_quality_slice_05_n2000,mlp,44,400,0.7075,,,,,,,0.8354036797939659,0.3940246115286305,,,,ML
wine_quality,wine_quality_slice_05_n2000,mlp,45,400,0.75,,,,,,,0.8354036797939659,0.3940246115286305,,,,ML
wine_quality,wine_quality_slice_05_n2000,mlp,46,400,0.695,,,,,,,0.8354036797939659,0.3940246115286305,,,,ML
wine_quality,wine_quality_slice_05_n2000,xgboost,42,400,0.76,,,,,,,0.8354036797939659,0.3940246115286305,,,,ML
wine_quality,wine_quality_slice_05_n2000,xgboost,43,400,0.7425,,,,,,,0.8354036797939659,0.3940246115286305,,,,ML
wine_quality,wine_quality_slice_05_n2000,xgboost,44,400,0.72,,,,,,,0.8354036797939659,0.3940246115286305,,,,ML
wine_quality,wine_quality_slice_05_n2000,xgboost,45,400,0.7625,,,,,,,0.8354036797939659,0.3940246115286305,,,,ML
wine_quality,wine_quality_slice_05_n2000,xgboost,46,400,0.7325,,,,,,,0.8354036797939659,0.3940246115286305,,,,ML
